<?xml version='1.0' encoding='UTF-8'?>
<odoo noupdate="1">
    <record id="helpdesk_ticket_1" model="helpdesk.ticket" context="{'mail_notrack': True}">
        <field name="name">Laptop Problem</field>
        <field name="partner_id" ref="res_partner_7"/>
        <field name="lot_id" ref="stock_lot_2"/>
    </record>
    <record id="helpdesk_ticket_2" model="helpdesk.ticket" context="{'mail_notrack': True}">
        <field name="name">Problem in the Laptop</field>
        <field name="partner_id" ref="res_partner_15"/>
        <field name="lot_id" ref="stock_lot_2"/>
    </record>
</odoo>
