<?xml version='1.0' encoding='UTF-8'?>
<odoo noupdate="1">
    <record id="product_supplierinfo_1" model="product.supplierinfo">
        <field name="partner_id" ref="res_partner_9"/>
        <field name="product_tmpl_id" ref="product_template_5"/>
        <field name="price">2500.0</field>
        <field name="min_qty">1.0</field>
    </record>
    <record id="product_supplierinfo_2" model="product.supplierinfo">
        <field name="partner_id" ref="res_partner_8"/>
        <field name="product_tmpl_id" ref="product_template_8"/>
        <field name="price">50.0</field>
        <field name="min_qty">1.0</field>
    </record>
    <record id="product_supplierinfo_3" model="product.supplierinfo">
        <field name="partner_id" ref="res_partner_10"/>
        <field name="product_tmpl_id" ref="product_template_9"/>
        <field name="price">10.0</field>
        <field name="min_qty">1.0</field>
    </record>
</odoo>
