<?xml version='1.0' encoding='UTF-8'?>
<odoo noupdate="1">
    <record id="product_template_4" model="product.template" context="{'create_product_product': False}">
        <field name="is_published" eval="True"/>
    </record>
    <record id="product_template_5" model="product.template" context="{'create_product_product': False}">
        <field name="is_published" eval="True"/>
    </record>
    <record id="product_template_7" model="product.template" context="{'create_product_product': False}">
        <field name="is_published" eval="True"/>
    </record>
    <record id="product_template_8" model="product.template" context="{'create_product_product': False}">
        <field name="is_published" eval="True"/>
    </record>
    <record id="product_template_9" model="product.template" context="{'create_product_product': False}">
        <field name="is_published" eval="True"/>
    </record>
</odoo>
