<?xml version='1.0' encoding='UTF-8'?>
<odoo noupdate="1">
    <record id="purchase_order_line_1" model="purchase.order.line">
        <field name="product_id" ref="product_product_5"/>
        <field name="product_qty">5.0</field>
        <field name="order_id" ref="purchase_order_1"/>
    </record>
    <record id="purchase_order_line_2" model="purchase.order.line">
        <field name="product_id" ref="product_product_10"/>
        <field name="product_qty">2.0</field>
        <field name="order_id" ref="purchase_order_2"/>
    </record>
    <record id="purchase_order_line_3" model="purchase.order.line">
        <field name="product_id" ref="product_product_11"/>
        <field name="product_qty">2.0</field>
        <field name="order_id" ref="purchase_order_3"/>
    </record>
    <record id="purchase_order_line_4" model="purchase.order.line">
        <field name="product_id" ref="product_product_9"/>
        <field name="product_qty">5.0</field>
        <field name="order_id" ref="purchase_order_4"/>
    </record>
</odoo>
