<?xml version='1.0' encoding='UTF-8'?>
<odoo noupdate="1">
    <function model="purchase.order" name="button_confirm" eval="[ref('purchase_order_1')]"/>

    <function name="write" model="stock.move.line">
        <value model="stock.move.line" eval="obj().search([
        ('product_id', '=', ref('product_product_5')),
        ('picking_id', '=', obj().env.ref('it_hardware.purchase_order_1').picking_ids.id),
        ('lot_id', '=', False)], limit=1).id"/>
        <value model="stock.lot" eval="{'lot_id': ref('stock_lot_2')}"/>
    </function>
    <function name="write" model="stock.move.line">
        <value model="stock.move.line" eval="obj().search([
        ('product_id', '=', ref('product_product_5')),
        ('picking_id', '=', obj().env.ref('it_hardware.purchase_order_1').picking_ids.id),
        ('lot_id', '=', False)], limit=1).id"/>
        <value model="stock.lot" eval="{'lot_id': ref('stock_lot_3')}"/>
    </function>
    <function name="write" model="stock.move.line">
        <value model="stock.move.line" eval="obj().search([
        ('product_id', '=', ref('product_product_5')),
        ('picking_id', '=', obj().env.ref('it_hardware.purchase_order_1').picking_ids.id),
        ('lot_id', '=', False)], limit=1).id"/>
        <value model="stock.lot" eval="{'lot_id': ref('stock_lot_4')}"/>
    </function>
    <function name="write" model="stock.move.line">
        <value model="stock.move.line" eval="obj().search([
        ('product_id', '=', ref('product_product_5')),
        ('picking_id', '=', obj().env.ref('it_hardware.purchase_order_1').picking_ids.id),
        ('lot_id', '=', False)], limit=1).id"/>
        <value model="stock.lot" eval="{'lot_id': ref('stock_lot_5')}"/>
    </function>
    <function name="write" model="stock.move.line">
        <value model="stock.move.line" eval="obj().search([
        ('product_id', '=', ref('product_product_5')),
        ('picking_id', '=', obj().env.ref('it_hardware.purchase_order_1').picking_ids.id),
        ('lot_id', '=', False)], limit=1).id"/>
        <value model="stock.lot" eval="{'lot_id': ref('stock_lot_6')}"/>
    </function>

    <function name="button_validate" model="stock.picking">
        <value model="stock.picking" eval="obj().env.ref('it_hardware.purchase_order_1').picking_ids.ids"/>
    </function>

    <function model="purchase.order" name="action_create_invoice" eval="[ref('purchase_order_1')]"/>

    <function model="purchase.order" name="button_confirm" eval="[ref('purchase_order_2')]"/>
    <function name="write" model="stock.move.line">
        <value model="stock.move.line" eval="obj().search([
        ('product_id', '=', ref('product_product_10')),
        ('picking_id', '=', obj().env.ref('it_hardware.purchase_order_2').picking_ids.id),
        ('lot_id', '=', False)], limit=1).id"/>
        <value model="stock.lot" eval="{'lot_id': ref('stock_lot_7')}"/>
    </function>
    <function name="write" model="stock.move.line">
        <value model="stock.move.line" eval="obj().search([
        ('product_id', '=', ref('product_product_10')),
        ('picking_id', '=', obj().env.ref('it_hardware.purchase_order_2').picking_ids.id),
        ('lot_id', '=', False)], limit=1).id"/>
        <value model="stock.lot" eval="{'lot_id': ref('stock_lot_8')}"/>
    </function>
    <function name="button_validate" model="stock.picking">
        <value model="stock.picking" eval="obj().env.ref('it_hardware.purchase_order_2').picking_ids.ids"/>
    </function>
    <function model="purchase.order" name="action_create_invoice" eval="[ref('purchase_order_2')]"/>

    <function model="purchase.order" name="button_confirm" eval="[ref('purchase_order_3')]"/>
    <function name="write" model="stock.move.line">
        <value model="stock.move.line" eval="obj().search([
        ('product_id', '=', ref('product_product_11')),
        ('picking_id', '=', obj().env.ref('it_hardware.purchase_order_3').picking_ids.id),
        ('lot_id', '=', False)], limit=1).id"/>
        <value model="stock.lot" eval="{'lot_id': ref('stock_lot_9')}"/>
    </function>
    <function name="write" model="stock.move.line">
        <value model="stock.move.line" eval="obj().search([
        ('product_id', '=', ref('product_product_11')),
        ('picking_id', '=', obj().env.ref('it_hardware.purchase_order_3').picking_ids.id),
        ('lot_id', '=', False)], limit=1).id"/>
        <value model="stock.lot" eval="{'lot_id': ref('stock_lot_10')}"/>
    </function>
    <function name="button_validate" model="stock.picking">
        <value model="stock.picking" eval="obj().env.ref('it_hardware.purchase_order_3').picking_ids.ids"/>
    </function>
    <function model="purchase.order" name="action_create_invoice" eval="[ref('purchase_order_3')]"/>

    <function model="purchase.order" name="button_confirm" eval="[ref('purchase_order_4')]"/>
    <function name="write" model="stock.move.line">
        <value model="stock.move.line" eval="obj().search([
        ('product_id', '=', ref('product_product_9')),
        ('picking_id', '=', obj().env.ref('it_hardware.purchase_order_4').picking_ids.id),
        ('lot_id', '=', False)], limit=1).id"/>
        <value model="stock.lot" eval="{'lot_id': ref('stock_lot_11')}"/>
    </function>
    <function name="write" model="stock.move.line">
        <value model="stock.move.line" eval="obj().search([
        ('product_id', '=', ref('product_product_9')),
        ('picking_id', '=', obj().env.ref('it_hardware.purchase_order_4').picking_ids.id),
        ('lot_id', '=', False)], limit=1).id"/>
        <value model="stock.lot" eval="{'lot_id': ref('stock_lot_12')}"/>
    </function>
    <function name="write" model="stock.move.line">
        <value model="stock.move.line" eval="obj().search([
        ('product_id', '=', ref('product_product_9')),
        ('picking_id', '=', obj().env.ref('it_hardware.purchase_order_4').picking_ids.id),
        ('lot_id', '=', False)], limit=1).id"/>
        <value model="stock.lot" eval="{'lot_id': ref('stock_lot_13')}"/>
    </function>
    <function name="write" model="stock.move.line">
        <value model="stock.move.line" eval="obj().search([
        ('product_id', '=', ref('product_product_9')),
        ('picking_id', '=', obj().env.ref('it_hardware.purchase_order_4').picking_ids.id),
        ('lot_id', '=', False)], limit=1).id"/>
        <value model="stock.lot" eval="{'lot_id': ref('stock_lot_14')}"/>
    </function>
    <function name="write" model="stock.move.line">
        <value model="stock.move.line" eval="obj().search([
        ('product_id', '=', ref('product_product_9')),
        ('picking_id', '=', obj().env.ref('it_hardware.purchase_order_4').picking_ids.id),
        ('lot_id', '=', False)], limit=1).id"/>
        <value model="stock.lot" eval="{'lot_id': ref('stock_lot_15')}"/>
    </function>
    <function name="button_validate" model="stock.picking">
        <value model="stock.picking" eval="obj().env.ref('it_hardware.purchase_order_4').picking_ids.ids"/>
    </function>
    <function model="purchase.order" name="action_create_invoice" eval="[ref('purchase_order_4')]"/>
</odoo>
