<?xml version='1.0' encoding='UTF-8'?>
<odoo noupdate="1">
    <record id="purchase_order_1" model="purchase.order">
        <field name="partner_id" ref="res_partner_9"/>
        <field name="user_id" ref="base.user_admin"/>
    </record>
    <record id="purchase_order_2" model="purchase.order">
        <field name="partner_id" ref="res_partner_8"/>
        <field name="user_id" ref="base.user_admin"/>
    </record>
    <record id="purchase_order_3" model="purchase.order">
        <field name="partner_id" ref="res_partner_10"/>
        <field name="user_id" ref="base.user_admin"/>
    </record>
    <record id="purchase_order_4" model="purchase.order">
        <field name="partner_id" ref="res_partner_9"/>
        <field name="user_id" ref="base.user_admin"/>
    </record>
</odoo>
