<?xml version='1.0' encoding='UTF-8'?>
<odoo noupdate="1" context="{'no_vat_validation': True}">
    <record id="res_partner_10" model="res.partner">
        <field name="name">Milestone Inc.</field>
        <field name="phone">+91 5847562359</field>
        <field name="street">Oakmead Village Drive 3001</field>
        <field name="city">Santa Clara</field>
        <field name="zip">95051</field>
        <field name="country_id" ref="base.us"/>
        <field name="vat">BE0477472701</field>
        <field name="state_id" ref="base.state_us_5"/>
        <field name="website">http://milestoneinternet.com</field>
        <field name="image_1920" type="base64" file="it_hardware/static/src/binary/res_partner/10-image_1920"/>
    </record>
    <record id="res_partner_11" model="res.partner">
        <field name="name">SimpliSafe</field>
        <field name="phone">+1 800-301-3759</field>
        <field name="street">Washington Street 294</field>
        <field name="city">Boston</field>
        <field name="zip">02108</field>
        <field name="country_id" ref="base.us"/>
        <field name="vat">BE0477472702</field>
        <field name="state_id" ref="base.state_us_34"/>
        <field name="website">http://simplisafe.com</field>
        <field name="image_1920" type="base64" file="it_hardware/static/src/binary/res_partner/11-image_1920"/>
    </record>
    <record id="res_partner_14" model="res.partner">
        <field name="name">Vishal</field>
        <field name="phone">3345678</field>
        <field name="email">vsa@example.com</field>
        <field name="street">Streee1</field>
        <field name="street2">Stree2</field>
        <field name="city">Ahmedabad</field>
        <field name="zip">335466</field>
        <field name="country_id" ref="base.in"/>
        <field name="state_id" ref="base.state_in_gj"/>
    </record>
    <record id="res_partner_15" model="res.partner">
        <field name="name">Oliver Interiors</field>
        <field name="email">test@test.com</field>
    </record>
    <record id="res_partner_7" model="res.partner">
        <field name="name">Azure Interiors</field>
        <field name="vat">BE0477472703</field>
        <field name="website">http://azure-interiors.co.uk</field>
        <field name="image_1920" type="base64" file="it_hardware/static/src/binary/res_partner/7-image_1920"/>
    </record>
    <record id="res_partner_8" model="res.partner">
        <field name="name">Baterias Willard</field>
        <field name="street">Lakeland Avenue 1385</field>
        <field name="city">Bohemia</field>
        <field name="zip">11716</field>
        <field name="country_id" ref="base.us"/>
        <field name="vat">BE0477472704</field>
        <field name="state_id" ref="base.state_us_27"/>
        <field name="website">http://bateriaswillard.com</field>
        <field name="image_1920" type="base64" file="it_hardware/static/src/binary/res_partner/8-image_1920"/>
    </record>
    <record id="res_partner_9" model="res.partner">
        <field name="name">Intcomex Inc.</field>
        <field name="street">Northwest 107th Avenue 3505</field>
        <field name="city">Doral</field>
        <field name="zip">33178</field>
        <field name="country_id" ref="base.us"/>
        <field name="vat">BE0477472705</field>
        <field name="state_id" ref="base.state_us_10"/>
        <field name="website">http://intcomex.com</field>
        <field name="image_1920" type="base64" file="it_hardware/static/src/binary/res_partner/9-image_1920"/>
    </record>
</odoo>
