<?xml version='1.0' encoding='UTF-8'?>
<odoo noupdate="1">
    <record id="sale_order_1" model="sale.order">
        <field name="partner_id" ref="base.partner_admin"/>
        <field name="website_id" ref="website.default_website"/>
        <field name="user_id" ref="base.user_admin"/>
    </record>
    <record id="sale_order_2" model="sale.order">
        <field name="partner_id" ref="res_partner_7"/>
        <field name="user_id" ref="base.user_admin"/>
    </record>
    <record id="sale_order_3" model="sale.order">
        <field name="partner_id" ref="res_partner_14"/>
        <field name="website_id" ref="website.default_website"/>
        <field name="user_id" ref="base.user_admin"/>
    </record>
    <record id="sale_order_4" model="sale.order">
        <field name="partner_id" ref="base.public_partner"/>
        <field name="website_id" ref="website.default_website"/>
        <field name="user_id" ref="base.user_admin"/>
    </record>
</odoo>
