<?xml version='1.0' encoding='UTF-8'?>
<odoo noupdate="1">
    <function model="sale.order" name="action_quotation_sent" eval="[[ref('sale_order_3')]]"/>

    <function model="sale.order" name="action_confirm" eval="[[
        ref('sale_order_1'),
        ref('sale_order_2'),
    ]]"/>

    <function name="write" model="stock.move.line">
        <value model="stock.move.line" eval="obj().search([
        ('product_id', '=', ref('product_product_9')),
        ('picking_id', '=', obj().env.ref('it_hardware.sale_order_1').picking_ids.id),
        ('lot_id', '=', False)], limit=1).id"/>
        <value model="stock.lot" eval="{'lot_id': ref('stock_lot_11')}"/>
    </function>

    <function name="button_validate" model="stock.picking" context="{'skip_sms': True}">
        <value model="stock.picking" eval="obj().env.ref('it_hardware.sale_order_1').stock_reference_ids.picking_ids.ids"/>
    </function>

    <function name="write" model="stock.move.line">
        <value model="stock.move.line" eval="obj().search([
        ('product_id', '=', ref('product_product_5')),
        ('picking_id', '=', obj().env.ref('it_hardware.sale_order_2').picking_ids.id),
        ('lot_id', '=', False)], limit=1).id"/>
        <value model="stock.lot" eval="{'lot_id': ref('stock_lot_2')}"/>
    </function>

    <function name="button_validate" model="stock.picking" context="{'skip_sms': True}">
        <value model="stock.picking" eval="obj().env.ref('it_hardware.sale_order_2').stock_reference_ids.picking_ids.ids"/>
    </function>
</odoo>
