<?xml version='1.0' encoding='UTF-8'?>
<odoo noupdate="1">
    <record id="sale_order_line_2" model="sale.order.line">
        <field name="product_id" ref="product_product_5"/>
        <field name="order_id" ref="sale_order_2"/>
    </record>
    <record id="sale_order_line_3" model="sale.order.line">
        <field name="product_id" ref="product_product_9"/>
        <field name="order_id" ref="sale_order_1"/>
    </record>
    <record id="sale_order_line_4" model="sale.order.line">
        <field name="product_id" ref="product_product_4"/>
        <field name="order_id" ref="sale_order_3"/>
    </record>
    <record id="sale_order_line_6" model="sale.order.line">
        <field name="product_id" ref="delivery.product_product_delivery"/>
        <field name="order_id" ref="sale_order_3"/>
        <field name="is_delivery" eval="True"/>
    </record>
</odoo>
