<?xml version='1.0' encoding='UTF-8'?>
<odoo noupdate="1">
    <record id="stock_lot_2" model="stock.lot">
        <field name="name">CNC012345</field>
        <field name="product_id" ref="product_product_5"/>
    </record>
    <record id="stock_lot_3" model="stock.lot">
        <field name="name">CNC012346</field>
        <field name="product_id" ref="product_product_5"/>
    </record>
    <record id="stock_lot_4" model="stock.lot">
        <field name="name">CNC012347</field>
        <field name="product_id" ref="product_product_5"/>
    </record>
    <record id="stock_lot_5" model="stock.lot">
        <field name="name">CNC012348</field>
        <field name="product_id" ref="product_product_5"/>
    </record>
    <record id="stock_lot_6" model="stock.lot">
        <field name="name">CNC012349</field>
        <field name="product_id" ref="product_product_5"/>
    </record>
    <record id="stock_lot_7" model="stock.lot">
        <field name="name">M00001</field>
        <field name="product_id" ref="product_product_10"/>
    </record>
    <record id="stock_lot_8" model="stock.lot">
        <field name="name">M00002</field>
        <field name="product_id" ref="product_product_10"/>
    </record>
    <record id="stock_lot_9" model="stock.lot">
        <field name="name">M00003</field>
        <field name="product_id" ref="product_product_11"/>
    </record>
    <record id="stock_lot_10" model="stock.lot">
        <field name="name">ENC012348</field>
        <field name="product_id" ref="product_product_11"/>
    </record>
    <record id="stock_lot_11" model="stock.lot">
        <field name="name">GNC012345</field>
        <field name="product_id" ref="product_product_9"/>
    </record>
    <record id="stock_lot_12" model="stock.lot">
        <field name="name">GNC012346</field>
        <field name="product_id" ref="product_product_9"/>
    </record>
    <record id="stock_lot_13" model="stock.lot">
        <field name="name">GNC012347</field>
        <field name="product_id" ref="product_product_9"/>
    </record>
    <record id="stock_lot_14" model="stock.lot">
        <field name="name">GNC012348</field>
        <field name="product_id" ref="product_product_9"/>
    </record>
    <record id="stock_lot_15" model="stock.lot">
        <field name="name">GNC012349</field>
        <field name="product_id" ref="product_product_9"/>
    </record>
</odoo>
