<?xml version='1.0' encoding='UTF-8'?>
<odoo>
    <record id="homepage" model="ir.ui.view">
        <field name="name">Home</field>
        <field name="type">qweb</field>
        <field name="key">it_hardware.homepage</field>
        <field name="website_id" ref="website.default_website"/>
        <field name="arch" type="xml">
            <t name="Homepage" t-name="website.homepage">
                <t t-call="website.layout">
                    <t t-set="pageName" t-value="'homepage'"/>
                    <div id="wrap" class="oe_structure oe_empty">
                        <section class="s_cover parallax bg-black-50 pt160 pb240 s_parallax_no_overflow_hidden" data-scroll-background-ratio="1" data-oe-shape-data='{"shape":"web_editor/Origins/02_001","flip":[]}' data-snippet="s_cover" data-name="Cover">
                            <span class="s_parallax_bg oe_img_bg" style="background-image: url('/web/image/it_hardware.configurator_1_s_cover_default_image'); background-position: 50% 0;"/>
                            <div class="o_we_bg_filter bg-black-50"/>
                            <div class="o_we_shape o_web_editor_Origins_02_001 o_header_extra_shape_mapping"/>
                            <div class="container s_allow_columns">
                                <div class="row">
                                    <div class="col col-lg-11">
                                        <h1 style="text-align: right;">
                                            <b>Making the difference.</b>
                                        </h1>
                                        <p class="lead o_default_snippet_text" style="text-align: right;">
                                            Our mission is to give customers the best experience.<br/>
                                            Extensive documentation &amp;amp; guides, an active community,<br/>
                                            24/7 support make it a pleasure to work with us.
                                        </p>
                                        <p style="text-align: right;">
                                            <a class="btn btn-primary btn-lg mb-2 o_default_snippet_text" href="/contactus">Contact us</a>
                                        </p>
                                    </div>
                                </div>
                            </div>
                        </section>
                        <section class="s_text_image pb96 pt0 o_colored_level" data-snippet="s_text_image" data-name="Text - Image" style="background-image: none; position: relative;" data-oe-shape-data='{"shape":"web_editor/Origins/02_001","flip":[],"showOnMobile":false}'>
                            <div class="o_we_shape o_web_editor_Origins_02_001"/>
                            <div class="container">
                                <div class="row align-items-center">
                                    <div class="pt16 pb16 col-lg-4 offset-lg-1">
                                        <h3>Unique experiences to drive engagement</h3>
                                        <div class="s_hr text-start pt16 pb0" data-snippet="s_hr" data-name="Separator">
                                            <hr class="w-100 mx-auto" style="border-top-width: 1px; border-top-style: solid; border-top-color: rgba(0, 0, 0, 0) !important;"/>
                                        </div>
                                        <p>
                                            Users are looking to consume engaging content.<br/>
                                            We empowers our teams to create the most relevant content.
                                        </p>
                                        <p>We have one goal in mind, the user satisfaction.</p>
                                        <div class="s_hr text-start p0 pb32" data-snippet="s_hr" data-name="Separator">
                                            <hr class="w-100 mx-auto" style="border-top-width: 1px; border-top-style: solid; border-top-color: var(--o-color-3) !important;"/>
                                        </div>
                                        <p>
                                            <a href="#" class="btn mb-2 btn-lg btn-secondary">Learn more</a>
                                        </p>
                                    </div>
                                    <div class="pt16 pb16 col-lg-5 offset-lg-1">
                                        <img src="/web/image/it_hardware.configurator_1_s_text_image_default_image" class="img img-fluid mx-auto" alt="" loading="lazy"/>
                                    </div>
                                </div>
                            </div>
                        </section>
                        <section data-snippet="s_dynamic_snippet_products" class="s_dynamic_snippet_products s_dynamic pt32 pb32 o_colored_level s_product_product_borderless_1 o_dynamic_empty" data-name="Products" style="background-image: none; position: relative;" data-product-category-id="all" data-number-of-records="16" data-filter-id="1" data-template-key="website_sale.dynamic_filter_template_product_product_products_item" data-carousel-interval="5000" data-oe-shape-data='{"shape":"web_editor/Origins/02_001","flip":[],"showOnMobile":false}'>
                            <div class="o_we_shape o_web_editor_Origins_02_001"/>
                            <div class="o_not_editable container">
                                <div class="css_non_editable_mode_hidden">
                                    <div class="missing_option_warning alert alert-info rounded-0 fade show d-none d-print-none o_default_snippet_text">
                                        Your Dynamic Snippet will be displayed here... This message is displayed because you did not provided both a filter and a template to use.
                                    </div>
                                </div>
                                <div class="dynamic_snippet_template"/>
                            </div>
                        </section>
                        <section class="s_picture o_cc o_cc2 pb0 pt48 o_colored_level" data-oe-shape-data='{"shape":"web_editor/Zigs/01_001","flip":[]}' data-snippet="s_picture" data-name="Picture" style="background-image: none;">
                            <div class="o_we_shape o_web_editor_Zigs_01_001"/>
                            <div class="container">
                                <h2 style="text-align: center;">Grow with Us</h2>
                                <p style="text-align: center;">
                                    Put your people at the heart of your marketing with tools that help you get to know your audience <br/>
                                    and see who you should be talking to.
                                </p>
                                <div class="row s_nb_column_fixed">
                                    <div class="col-lg-10 offset-lg-1 pb24" style="text-align: center;">
                                        <figure class="figure">
                                            <img src="/web/image/it_hardware.configurator_1_s_picture_default_image" class="figure-img img-thumbnail padding-large p-0 border-0" alt="" loading="lazy"/>
                                            <figcaption class="figure-caption text-muted py-3">Add a caption to enhance the meaning of this image.</figcaption>
                                        </figure>
                                    </div>
                                </div>
                            </div>
                        </section>
                    </div>
                </t>
            </t>
        </field>
    </record>
</odoo>
