<?xml version='1.0' encoding='UTF-8'?>
<odoo noupdate="1">
    <record id="ir_attachment_527" model="ir.attachment">
        <field name="name">computer-desktop-pc-logo-design-icon-vector-27041769.jpg</field>
        <field name="res_model">ir.ui.view</field>
        <field name="website_id" ref="website.default_website"/>
        <field name="public" eval="True"/>
        <field name="datas" type="base64" file="it_hardware/static/src/binary/ir_attachment/527-computer-desktop-pc-logo-design-icon-vector-27041769.jpg"/>
    </record>
    <record id="configurator_1_s_cover_default_image" model="ir.attachment">
        <field name="name">website.s_cover_default_image</field>
        <field name="key">website.s_cover_default_image</field>
        <field name="website_id" ref="website.default_website"/>
        <field name="public" eval="True"/>
        <field name="datas" type="base64" file="it_hardware/static/src/binary/ir_attachment/432-website.s_cover_default_image"/>
    </record>
    <record id="configurator_1_s_picture_default_image" model="ir.attachment">
        <field name="name">website.s_picture_default_image</field>
        <field name="key">website.s_picture_default_image</field>
        <field name="website_id" ref="website.default_website"/>
        <field name="public" eval="True"/>
        <field name="datas" type="base64" file="it_hardware/static/src/binary/ir_attachment/451-website.s_picture_default_image"/>
    </record>
    <record id="configurator_1_s_text_image_default_image" model="ir.attachment">
        <field name="name">website.s_text_image_default_image</field>
        <field name="key">website.s_text_image_default_image</field>
        <field name="website_id" ref="website.default_website"/>
        <field name="public" eval="True"/>
        <field name="datas" type="base64" file="it_hardware/static/src/binary/ir_attachment/453-website.s_text_image_default_image"/>
    </record>
</odoo>
