<?xml version='1.0' encoding='UTF-8'?>
<odoo noupdate="1">
    <record id="website.default_website" model="website" forcecreate="1">
        <field name="name">demo-ithardwaresaleservice</field>
        <field name="theme_id" search="[('id', '=', ref('base.module_theme_graphene', raise_if_not_found=False))]"/>
        <field name="logo" type="base64" file="it_hardware/static/description/icon.png"/>
        <field name="favicon" type="base64" file="it_hardware/static/description/icon.png"/>
        <field name="configurator_done" eval="True"/>
    </record>
</odoo>
