<?xml version='1.0' encoding='UTF-8'?>
<odoo>
    <function name="button_choose_theme" model="ir.module.module" eval="[ref('base.module_theme_graphene', raise_if_not_found=False) or ref('base.module_theme_default')]"/>

    <function model="website.assets" name="make_scss_customization" context="{'website_id': ref('website.default_website')}">
        <value eval="'/website/static/src/scss/options/colors/user_color_palette.scss'"/>
        <value eval="{'o-color-1': '#0b4f9f','o-color-2': '#101c35','o-color-3': '#E7E8EB','o-color-4': '#FFFFFF','o-color-5': '#083B77', 'menu': 1}"/>
    </function>
    
    <function model="ir.ui.view" name="write">
        <value model="ir.ui.view" eval="obj().env['website'].with_context(website_id=obj().env.ref('website.default_website').id).viewref('website.homepage').id"/>
        <value model="ir.ui.view" eval="{'arch': obj().env.ref('it_hardware.homepage').arch}"/>
    </function>

    <function model="ir.ui.view" name="write">
        <value model="ir.ui.view" eval="obj().env['website'].with_context(website_id=obj().env.ref('website.header_social_links').id).viewref('website.header_social_links').id"/>
        <value model="ir.ui.view" eval="{'active': True}"/>
    </function>

    <function model="ir.ui.view" name="write">
        <value model="ir.ui.view" eval="obj().env['website'].with_context(website_id=obj().env.ref('website.header_search_box').id).viewref('website.header_search_box').id"/>
        <value eval="{'active': True}"/>
    </function>

</odoo>
