<?xml version='1.0' encoding='UTF-8'?>
<odoo>
    <template id="welcome_article_body">
        <h1>IT Hardware Sales  &amp; Service</h1>
        <p>
            Company is a specialized IT Sales Establishment that focuses on providing a diverse selection of IT components for sale. The product contains laptops, RAM, accessories, CCTV cameras, and other related items. In addition to product
            sales, it is also offering installation and repair services for these components.
        </p>
        <div data-embedded="tableOfContent"></div>
        <p><br /></p>
        <h2>
            <span style="font-size: 24px;">Business Flow</span>
        </h2>
        <h3 style="margin-bottom: 0px;">Flow 1: Buy Laptop  &amp; Accessories</h3>
        <p><br /></p>
        <p style="margin-bottom: 0px;">
            <strong>Purchase Order Management</strong>
        </p>
        <ul style="margin-bottom: 0px;">
            <li>Create a Request for Quotation for one “<font class="text-o-color-1">ThinkPad X1 Carbon 35.56cms - 12th Gen Intel i7</font>”</li>
            <li>Send the RFQ by email</li>
            <li>Once you get the prices from the vendor, update the prices and lead times and confirm the order.</li>
        </ul>
        <p style="margin-bottom: 0px;"><br /></p>
        <p style="margin-bottom: 0px;">
            <strong>Receipt</strong>
        </p>
        <p style="margin-bottom: 0px;">Once the order is confirmed, we are ready to receive it in a few days.</p>
        <p style="margin-bottom: 0px;">When the shipment arrives with the new products, open the barcode App:</p>
        <ul style="margin-bottom: 0px;">
            <li>scan a product from the receipt screen</li>
            <li>that filters on pending receipts containing this product</li>
            <li>pick the right one and scan the product received</li>
            <li>scan, or record, the lot number</li>
            <li>validate the receipt<br /></li>
        </ul>
        <p style="margin-bottom: 0px;">
            <br />
        </p>
        <h3 style="margin-bottom: 0px;">Flow 2: B2C eCommerce Sale</h3>
        <p style="margin-bottom: 0px;">
            <br />
        </p>
        <p style="margin-bottom: 0px;">
            <strong>From the Ecommerce</strong>
        </p>
        <ul>
            <li>
                <span style="background-color: rgb(255, 255, 255);">
                    <font color="#212529">Visit the B2C Shop Choose products and </font>
                    <font class="text-o-color-1" color="#212529">compare</font>
                    <font color="#212529"> with related products. ("</font>
                    <font class="text-o-color-1" color="#212529">ThinkPad X1 Nano 33.02cms - 12th Gen Intel i7</font>
                    <font color="#212529">","</font>
                    <font class="text-o-color-1" color="#212529">ThinkPad X1 Carbon 35.56cms - 12th Gen Intel i7</font>
                    <font color="#212529">" ).</font>
                </span>
            </li>
            <li>
                <span style="background-color: rgb(255, 255, 255);">
                    <font color="#212529">Finalize the product process for the checkout.</font>
                </span>
            </li>
            <li>
                <span style="background-color: rgb(255, 255, 255);">
                    <font color="#212529">Set the customer to define the shipping address.</font>
                </span>
            </li>
            <li>
                <span style="background-color: rgb(255, 255, 255);">
                    <font color="#212529">Then pay for the order.</font>
                </span>
            </li>
        </ul>
        <p>
            <span style="background-color: rgb(255, 255, 255);">
                <font color="#212529">
                    <b style="font-weight: normal;">
                        <span style="color: rgb(0, 0, 0); background-color: transparent; font-weight: 400; font-style: normal; text-decoration: none;">
                            Later, in the Inventory apps, the worker uses the list of orders to deliver in the "Delivery Orders" section.
                        </span>
                    </b>
                </font>
            </span>
        </p>
        <h3>
            <strong>Flow 3: Contact Us</strong>
        </h3>
        <ul style="margin-bottom: 0px;">
            <li>From the website go to the top menu "Contact Us".</li>
            <li>This customized form will create an opportunity in the CRM, with the right information.</li>
        </ul>
        <p style="margin-bottom: 0px;">
            <br />
        </p>
        <p style="margin-bottom: 0px;">
            <strong>Salesperson meet client</strong>
        </p>
        <p>From the CRM, schedule a meeting. As you meet the client, you can create a quotation and <strong>use the product catalog</strong>. to easily present products to the client and record his order.</p>
        <h3 style="margin-bottom: 0px;">Flow 4: Installation Service</h3>
        <p style="margin-bottom: 0px;">
            <br />
        </p>
        <p style="margin-bottom: 0px;">
            <strong>Quotation  &amp; Sale</strong>
        </p>
        <p style="margin-bottom: 0px;">To create a quotation, <strong>select the template</strong> "CCTV Installation Setup". That fills in two products:</p>
        <p style="margin-bottom: 0px;">
            <br />
        </p>
        <ul style="margin-bottom: 0px;">
            <li>CCTV Camera: 1 Unit</li>
            <li>Installation Service: 1 Unit</li>
        </ul>
        <p style="margin-bottom: 0px;">
            <br />
        </p>
        <p style="margin-bottom: 0px;">
            <strong>Confirm Sales Order</strong>
        </p>
        <p style="margin-bottom: 0px;">As the customer confirms the sales order, one task will be created in the 'Installation Service'.</p>
        <p style="margin-bottom: 0px;">
            <br />
        </p>
        <p style="margin-bottom: 0px;">
            <strong>Deliver products</strong>
        </p>
        <p style="margin-bottom: 0px;">You can deliver the 1 product ("CCTV Camera") from the inventory application. Use the barcode scanner, or the backend, up to you.</p>
        <p style="margin-bottom: 0px;">Warranty days for above product will be calculated at the date of delivery, based on the warranty period defined on the product.</p>
        <p style="margin-bottom: 0px;">
            <br />
        </p>
        <p style="margin-bottom: 0px;">
            <strong>Installation - CCTV Camera</strong>
        </p>
        <p style="margin-bottom: 0px;">Assign the field service engineer on the task of "<font class="text-o-color-1">Installation Service</font>".</p>
        <p style="margin-bottom: 0px;">
            After the planning, field service engineer will visit the client place and start working on installation, they move the task "<font class="text-o-color-1">In Progress</font>" and then "<font class="text-o-color-1">Done</font>" when
            it's finished and sign the service report.
        </p>
        <p style="margin-bottom: 0px;">
            <br />
        </p>
        <h3>Flow 5: Repair Service</h3>
        <p style="margin-bottom: 0px;">If the product is in warranty and customer has any complaint, we can repair the product and generate the invoice when relevant.</p>
        <p style="margin-bottom: 0px;">
            <br />
        </p>
        <p>To do that,</p>
        <ul style="margin-bottom: 0px;">
            <li>Go to website and Helpdesk form</li>
            <li>In the form, the customer describes the product ('ThinkPad X1 Carbon 35.56cms - 12th Gen Intel i7'), the serial number('CNC012345'), and submit the ticket.</li>
            <li>Open the Helpdesk App, and then click the Tickets button to find the list of tickets, newest one is yours.</li>
        </ul>
        <p style="margin-bottom: 0px;">
            <br />
        </p>
        <p style="margin-bottom: 0px;">
            You can iterate with customers to define the best way to proceed to satisfy them from the chatter.
        </p>
        <p style="margin-bottom: 0px;">
            <br />
        </p>
        <p>
            <u>Return and repair orders</u>
        </p>
        <p>In case you decide that the product needs a return and repair, then you need to proceed as follow:</p>
        <ul>
            <li>From the ticket, click the Return button and adjust the quantities for the corresponding product and click return.</li>
        </ul>
        <div class="o_editor_banner user-select-none o_not_editable lh-1 d-flex align-items-center alert alert-info pb-0 pt-3">
            <i class="o_editor_banner_icon mb-3 fst-normal">💡</i>
            <div class="w-100 px-3">
                <p>
                    The customer may not have been delivered any device yet and returns are only supported after deliveries.
                    <br />
                    To follow the flow, change the Customer to your contact.
                </p>
            </div>
        </div>
        <ul>
            <li>The transfer can be validated, as if you were receiving the product from the customer.</li>
            <li>Come back to the Helpdesk ticket using the breadcrumb and note the return in the smart buttons.</li>
            <li>Now click the Repair button to create a repair order.</li>
            <li>Select the appropriate return and product, and adjust if needed the serial number.</li>
            <li>Place some notes if relevant and confirm the repair order.</li>
            <li>When working on it, click the Start Repair, and then End Repair when finished fixing the product.</li>
        </ul>
        <blockquote data-o-mail-quote="1" data-o-mail-quote-node="1" style="margin-bottom: 0px;">
            If the product is under warranty then no need to create the invoice and if the product is out of warranty then the user can send the quotation for the repair. Once the customer confirms the rate then the user can start repairing and
            after the repair, we will give the customer an invoice.<br />
        </blockquote>
    </template>    

    <record id="welcome_article" model="knowledge.article">
        <field name="name">IT Hardware  &amp; Support</field>
        <field name="icon">💻</field>
        <field name="internal_permission">write</field>
        <field name="cover_image_id" ref="knowledge_cover_2"/>
        <field name="is_article_visible_by_everyone" eval="True"/>
        <field name="is_locked" eval="True"/>
        <field name="body">
            <![CDATA[]]>
        </field>
    </record>
</odoo>
