<?xml version='1.0' encoding='UTF-8'?>
<odoo noupdate="1">
    <record model="mail.message" id="notification_knowledge">
        <field name="model">discuss.channel</field>
        <field name="res_id" ref="mail.channel_all_employees"/>
        <field name="message_type">email</field>
        <field name="author_id" ref="base.partner_root"/>
        <field name="subtype_id" ref="mail.mt_comment"/>
        <field name="subject">🚀 Get started with Odoo IT Hardware &amp; Support</field>
        <field name="body" model="knowledge.article" eval="
            '&lt;span>&#x1F44B; Hi! Follow this &lt;a href=\''
             + '/odoo/knowledge/' + str(obj().env.ref('it_hardware.welcome_article').id)
             + '\'>onboarding guide&lt;/a>. You can find it anytime in the Knowledge app.&lt;/span>'"/>
    </record>
</odoo>
