<?xml version='1.0' encoding='UTF-8'?>
<odoo noupdate="1">
    <record id="product_template_10" model="product.template" context="{'create_product_product': False}">
        <field name="name">Installation Service</field>
        <field name="type">service</field>
        <field name="project_id" ref="project_project_3"/>
        <field name="service_tracking">task_global_project</field>
        <field name="list_price">100.0</field>        
        <field name="image_1920" type="base64" file="it_hardware/static/src/binary/product_template/10-image_1920"/>
    </record>
    <record id="product_template_11" model="product.template" context="{'create_product_product': False}">
        <field name="name">CCTV Camera</field>
        <field name="is_storable">True</field>
        <field name="list_price">52.01</field>
        <field name="tracking">serial</field>
        <field name="image_1920" type="base64" file="it_hardware/static/src/binary/product_template/11-image_1920"/>
    </record>
    <record id="product_template_6" model="product.template" context="{'create_product_product': False}">
        <field name="name">Warranty Service</field>
        <field name="type">service</field>
        <field name="project_id" ref="industry_fsm.fsm_project"/>
        <field name="service_tracking">task_global_project</field>
        <field name="image_1920" type="base64" file="it_hardware/static/src/binary/product_template/6-image_1920"/>
    </record>
    <record id="product_template_7" model="product.template" context="{'create_product_product': False}">
        <field name="name">ThinkPad X1 Yoga 35.56cms - 12th Gen Intel i7</field>
        <field name="is_storable">True</field>
        <field name="list_price">2813.29</field>
        <field name="tracking">serial</field>
        <field name="optional_product_ids" eval="[(6, 0, [ref('product_template_6')])]"/>
        <field name="description_sale">A 35.5cms (14) 2-in-1 touchscreen laptop, the ThinkPad X1 Yoga Gen 7 delivers features that matter.
        Enjoy the spectacular Communications Bar that raises the bar on collaboration.
        Robust security includes Tile&#174; tracking technology&#8212;just in case.
        Plus, high-performance 12th Gen Intel&#174; Core&#8482; vPro processing, on the Intel&#174; Evo&#8482; platform provides super-responsive, on-the-go power.</field>
        <field name="image_1920" type="base64" file="it_hardware/static/src/binary/product_template/7-image_1920"/>
    </record>
    <record id="product_template_5" model="product.template" context="{'create_product_product': False}">
        <field name="name">ThinkPad X1 Carbon 35.56cms - 12th Gen Intel i7</field>
        <field name="is_storable">True</field>
        <field name="list_price">3780.49</field>
        <field name="tracking">serial</field>
        <field name="optional_product_ids" eval="[(6, 0, [ref('product_template_6')])]"/>
        <field name="description_sale">The 10th generation of our premium ThinkPad X1 Carbon laptop is built on the Intel&#174; Evo platform and powered by up to 12th Gen Intel&#174; Core&#8482; vPro&#174; processors.
        It still has the legendary ThinkPad keyboard, only now we&#8217;ve redesigned the keys to create better airflow, in addition to rear exhaust ventilation.
        We&#8217;ve also transformed the camera into a Communications Bar to improve video conferencing.</field>
        <field name="image_1920" type="base64" file="it_hardware/static/src/binary/product_template/5-image_1920"/>
    </record>
    <record id="product_template_4" model="product.template" context="{'create_product_product': False}">
        <field name="name">ThinkPad X1 Nano 33.02cms - 12th Gen Intel i7</field>
        <field name="is_storable">True</field>
        <field name="categ_id" ref="product_category_5"/>
        <field name="list_price">2418.17</field>
        <field name="tracking">serial</field>
        <field name="optional_product_ids" eval="[(6, 0, [ref('product_template_6')])]"/>
        <field name="description_sale">Our lightest ever ThinkPad, the ThinkPad X1 Nano Gen 2 weighs from just 970g / 2.14lbs but packs a punch.
        With up to 12th Gen Intel&#174; Core&#8482; vPro&#174; processors, it has optional 5G connectivity and comes with advanced biometric and AI-based security, plus smart battery-saving features.
        Just as impressive is the truly stunning viewing and immersive audio experience it gives you.</field>
        <field name="image_1920" type="base64" file="it_hardware/static/src/binary/product_template/4-image_1920"/>
    </record>
    <record id="product_template_8" model="product.template" context="{'create_product_product': False}">
        <field name="name">Mouse</field>
        <field name="is_storable">True</field>
        <field name="categ_id" ref="product_category_6"/>
        <field name="list_price">70.0</field>
        <field name="tracking">serial</field>
        <field name="image_1920" type="base64" file="it_hardware/static/src/binary/product_template/8-image_1920"/>
    </record>
    <record id="product_template_9" model="product.template" context="{'create_product_product': False}">
        <field name="name"> Wireless Keyboard</field>
        <field name="is_storable">True</field>
        <field name="list_price">14.63</field>
        <field name="tracking">serial</field>
        <field name="image_1920" type="base64" file="it_hardware/static/src/binary/product_template/9-image_1920"/>
    </record>
</odoo>
