<?xml version='1.0' encoding='UTF-8'?>
<odoo noupdate="1">
    <record id="product_attribute_10" model="product.attribute">
        <field name="name">Fingerprint Reader</field>
    </record>
    <record id="product_attribute_11" model="product.attribute">
        <field name="name">Keyboard</field>
    </record>
    <record id="product_attribute_12" model="product.attribute">
        <field name="name">Year</field>
    </record>
    <record id="product_attribute_2" model="product.attribute">
        <field name="name">Processor</field>
    </record>
    <record id="product_attribute_3" model="product.attribute">
        <field name="name">Operating System</field>
    </record>
    <record id="product_attribute_4" model="product.attribute">
        <field name="name">Display Type</field>
    </record>
    <record id="product_attribute_5" model="product.attribute">
        <field name="name">Memory</field>
    </record>
    <record id="product_attribute_6" model="product.attribute">
        <field name="name">Hard Drive</field>
    </record>
    <record id="product_attribute_7" model="product.attribute">
        <field name="name">Warranty</field>
    </record>
    <record id="product_attribute_8" model="product.attribute">
        <field name="name">Touch Screen</field>
    </record>
    <record id="product_attribute_9" model="product.attribute">
        <field name="name">Graphics</field>
    </record>
    <record id="website_sale.product_attribute_brand" model="product.attribute" forcecreate="1">
        <field name="name">Brand</field>
    </record>
</odoo>
