<?xml version='1.0' encoding='UTF-8'?>
<odoo noupdate="1">
    <record id="product_product_10" model="product.product">
        <field name="product_tmpl_id" ref="product_template_8"/>
        <field name="purchase_method">purchase</field>
    </record>
    <record id="product_product_11" model="product.product">
        <field name="product_tmpl_id" ref="product_template_9"/>
        <field name="product_template_variant_value_ids" model="product.template.attribute.value" eval="obj().search([
            ('product_attribute_value_id', '=', ref('product_attribute_value_20')),
            ('attribute_line_id', '=', ref('product_template_attribute_line_32')),
        ])"/>
        <field name="product_template_attribute_value_ids" model="product.template.attribute.value" eval="obj().search([
            ('product_attribute_value_id', '=', ref('product_attribute_value_20')),
            ('attribute_line_id', '=', ref('product_template_attribute_line_32')),
        ])"/>
        <field name="default_code">K380</field>
        <field name="purchase_method">purchase</field>
    </record>
    <record id="product_product_12" model="product.product">
        <field name="product_tmpl_id" ref="product_template_9"/>
        <field name="product_template_variant_value_ids" model="product.template.attribute.value" eval="obj().search([
            ('product_attribute_value_id', '=', ref('product_attribute_value_21')),
            ('attribute_line_id', '=', ref('product_template_attribute_line_32')),
        ])"/>
        <field name="product_template_attribute_value_ids" model="product.template.attribute.value" eval="obj().search([
            ('product_attribute_value_id', '=', ref('product_attribute_value_21')),
            ('attribute_line_id', '=', ref('product_template_attribute_line_32')),
        ])"/>
        <field name="default_code">K160</field>
        <field name="image_variant_1920" type="base64" file="it_hardware/static/src/binary/product_product/12-image_variant_1920"/>
        <field name="purchase_method">purchase</field>
        </record>
    <record id="product_product_13" model="product.product">
        <field name="product_tmpl_id" ref="product_template_10"/>
        <field name="purchase_method">purchase</field>
    </record>
    <record id="product_product_14" model="product.product">
        <field name="product_tmpl_id" ref="product_template_11"/>
        <field name="purchase_method">purchase</field>
    </record>
    <record id="product_product_16" model="product.product">
        <field name="product_tmpl_id" ref="product_template_5"/>
        <field name="product_template_variant_value_ids" model="product.template.attribute.value" eval="obj().search([
            '|', '&amp;', ('product_attribute_value_id', '=', ref('product_attribute_value_14')),
            ('attribute_line_id', '=', ref('product_template_attribute_line_14')),
            '&amp;', ('product_attribute_value_id', '=', ref('product_attribute_value_15')),
            ('attribute_line_id', '=', ref('product_template_attribute_line_15')),
        ])"/>
        <field name="product_template_attribute_value_ids" model="product.template.attribute.value" eval="obj().search([
            '|', '|', '|', '|', '|', '|', '|', '|', '|',
            '&amp;', ('product_attribute_value_id', '=', ref('product_attribute_value_1')),
            ('attribute_line_id', '=', ref('product_template_attribute_line_11')),
            '&amp;', ('product_attribute_value_id', '=', ref('product_attribute_value_12')),
            ('attribute_line_id', '=', ref('product_template_attribute_line_12')),
            '&amp;', ('product_attribute_value_id', '=', ref('product_attribute_value_18')),
            ('attribute_line_id', '=', ref('product_template_attribute_line_13')),
            '&amp;', ('product_attribute_value_id', '=', ref('product_attribute_value_14')),
            ('attribute_line_id', '=', ref('product_template_attribute_line_14')),
            '&amp;', ('product_attribute_value_id', '=', ref('product_attribute_value_15')),
            ('attribute_line_id', '=', ref('product_template_attribute_line_15')),
            '&amp;', ('product_attribute_value_id', '=', ref('product_attribute_value_16')),
            ('attribute_line_id', '=', ref('product_template_attribute_line_16')),
            '&amp;', ('product_attribute_value_id', '=', ref('product_attribute_value_7')),
            ('attribute_line_id', '=', ref('product_template_attribute_line_17')),
            '&amp;', ('product_attribute_value_id', '=', ref('product_attribute_value_8')),
            ('attribute_line_id', '=', ref('product_template_attribute_line_18')),
            '&amp;', ('product_attribute_value_id', '=', ref('product_attribute_value_10')),
            ('attribute_line_id', '=', ref('product_template_attribute_line_19')),
            '&amp;', ('product_attribute_value_id', '=', ref('product_attribute_value_11')),
            ('attribute_line_id', '=', ref('product_template_attribute_line_20')),
        ])"/>
        <field name="purchase_method">purchase</field>
    </record>
    <record id="product_product_19" model="product.product">
        <field name="product_tmpl_id" ref="product_template_5"/>
        <field name="product_template_variant_value_ids" model="product.template.attribute.value" eval="obj().search([
            '|', '&amp;', ('product_attribute_value_id', '=', ref('product_attribute_value_4')),
            ('attribute_line_id', '=', ref('product_template_attribute_line_14')),
            '&amp;', ('product_attribute_value_id', '=', ref('product_attribute_value_15')),
            ('attribute_line_id', '=', ref('product_template_attribute_line_15')),
        ])"/>
        <field name="product_template_attribute_value_ids" model="product.template.attribute.value" eval="obj().search([
            '|', '|', '|', '|', '|', '|', '|', '|', '|',
            '&amp;', ('product_attribute_value_id', '=', ref('product_attribute_value_1')),
            ('attribute_line_id', '=', ref('product_template_attribute_line_11')),
            '&amp;', ('product_attribute_value_id', '=', ref('product_attribute_value_12')),
            ('attribute_line_id', '=', ref('product_template_attribute_line_12')),
            '&amp;', ('product_attribute_value_id', '=', ref('product_attribute_value_18')),
            ('attribute_line_id', '=', ref('product_template_attribute_line_13')),
            '&amp;', ('product_attribute_value_id', '=', ref('product_attribute_value_4')),
            ('attribute_line_id', '=', ref('product_template_attribute_line_14')),
            '&amp;', ('product_attribute_value_id', '=', ref('product_attribute_value_15')),
            ('attribute_line_id', '=', ref('product_template_attribute_line_15')),
            '&amp;', ('product_attribute_value_id', '=', ref('product_attribute_value_16')),
            ('attribute_line_id', '=', ref('product_template_attribute_line_16')),
            '&amp;', ('product_attribute_value_id', '=', ref('product_attribute_value_7')),
            ('attribute_line_id', '=', ref('product_template_attribute_line_17')),
            '&amp;', ('product_attribute_value_id', '=', ref('product_attribute_value_8')),
            ('attribute_line_id', '=', ref('product_template_attribute_line_18')),
            '&amp;', ('product_attribute_value_id', '=', ref('product_attribute_value_10')),
            ('attribute_line_id', '=', ref('product_template_attribute_line_19')),
            '&amp;', ('product_attribute_value_id', '=', ref('product_attribute_value_11')),
            ('attribute_line_id', '=', ref('product_template_attribute_line_20')),
        ])"/>
        <field name="purchase_method">purchase</field>
    </record>
    <record id="product_product_24" model="product.product">
        <field name="product_tmpl_id" ref="product_template_5"/>
        <field name="product_template_variant_value_ids" model="product.template.attribute.value" eval="obj().search([
            '|', '&amp;', ('product_attribute_value_id', '=', ref('product_attribute_value_4')),
            ('attribute_line_id', '=', ref('product_template_attribute_line_14')),
            '&amp;', ('product_attribute_value_id', '=', ref('product_attribute_value_5')),
            ('attribute_line_id', '=', ref('product_template_attribute_line_15')),
        ])"/>
        <field name="product_template_attribute_value_ids" model="product.template.attribute.value" eval="obj().search([
            '|', '|', '|', '|', '|', '|', '|', '|', '|',
            '&amp;', ('product_attribute_value_id', '=', ref('product_attribute_value_1')),
            ('attribute_line_id', '=', ref('product_template_attribute_line_11')),
            '&amp;', ('product_attribute_value_id', '=', ref('product_attribute_value_12')),
            ('attribute_line_id', '=', ref('product_template_attribute_line_12')),
            '&amp;', ('product_attribute_value_id', '=', ref('product_attribute_value_18')),
            ('attribute_line_id', '=', ref('product_template_attribute_line_13')),
            '&amp;', ('product_attribute_value_id', '=', ref('product_attribute_value_4')),
            ('attribute_line_id', '=', ref('product_template_attribute_line_14')),
            '&amp;', ('product_attribute_value_id', '=', ref('product_attribute_value_5')),
            ('attribute_line_id', '=', ref('product_template_attribute_line_15')),
            '&amp;', ('product_attribute_value_id', '=', ref('product_attribute_value_16')),
            ('attribute_line_id', '=', ref('product_template_attribute_line_16')),
            '&amp;', ('product_attribute_value_id', '=', ref('product_attribute_value_7')),
            ('attribute_line_id', '=', ref('product_template_attribute_line_17')),
            '&amp;', ('product_attribute_value_id', '=', ref('product_attribute_value_8')),
            ('attribute_line_id', '=', ref('product_template_attribute_line_18')),
            '&amp;', ('product_attribute_value_id', '=', ref('product_attribute_value_10')),
            ('attribute_line_id', '=', ref('product_template_attribute_line_19')),
            '&amp;', ('product_attribute_value_id', '=', ref('product_attribute_value_11')),
            ('attribute_line_id', '=', ref('product_template_attribute_line_20')),
        ])"/>
        <field name="purchase_method">purchase</field>
    </record>
    <record id="product_product_25" model="product.product">
        <field name="product_tmpl_id" ref="product_template_5"/>
        <field name="product_template_variant_value_ids" model="product.template.attribute.value" eval="obj().search([
            '|', '&amp;', ('product_attribute_value_id', '=', ref('product_attribute_value_14')),
            ('attribute_line_id', '=', ref('product_template_attribute_line_14')),
            '&amp;', ('product_attribute_value_id', '=', ref('product_attribute_value_5')),
            ('attribute_line_id', '=', ref('product_template_attribute_line_15')),
        ])"/>
        <field name="product_template_attribute_value_ids" model="product.template.attribute.value" eval="obj().search([
            '|', '|', '|', '|', '|', '|', '|', '|', '|',
            '&amp;', ('product_attribute_value_id', '=', ref('product_attribute_value_1')),
            ('attribute_line_id', '=', ref('product_template_attribute_line_11')),
            '&amp;', ('product_attribute_value_id', '=', ref('product_attribute_value_12')),
            ('attribute_line_id', '=', ref('product_template_attribute_line_12')),
            '&amp;', ('product_attribute_value_id', '=', ref('product_attribute_value_18')),
            ('attribute_line_id', '=', ref('product_template_attribute_line_13')),
            '&amp;', ('product_attribute_value_id', '=', ref('product_attribute_value_14')),
            ('attribute_line_id', '=', ref('product_template_attribute_line_14')),
            '&amp;', ('product_attribute_value_id', '=', ref('product_attribute_value_5')),
            ('attribute_line_id', '=', ref('product_template_attribute_line_15')),
            '&amp;', ('product_attribute_value_id', '=', ref('product_attribute_value_16')),
            ('attribute_line_id', '=', ref('product_template_attribute_line_16')),
            '&amp;', ('product_attribute_value_id', '=', ref('product_attribute_value_7')),
            ('attribute_line_id', '=', ref('product_template_attribute_line_17')),
            '&amp;', ('product_attribute_value_id', '=', ref('product_attribute_value_8')),
            ('attribute_line_id', '=', ref('product_template_attribute_line_18')),
            '&amp;', ('product_attribute_value_id', '=', ref('product_attribute_value_10')),
            ('attribute_line_id', '=', ref('product_template_attribute_line_19')),
            '&amp;', ('product_attribute_value_id', '=', ref('product_attribute_value_11')),
            ('attribute_line_id', '=', ref('product_template_attribute_line_20')),
        ])"/>
        <field name="purchase_method">purchase</field>
    </record>
    <record id="product_product_26" model="product.product">
        <field name="product_tmpl_id" ref="product_template_4"/>
        <field name="product_template_variant_value_ids" model="product.template.attribute.value" eval="obj().search([
            '|', '|',
            '&amp;', ('product_attribute_value_id', '=', ref('product_attribute_value_14')),
            ('attribute_line_id', '=', ref('product_template_attribute_line_4')),
            '&amp;', ('product_attribute_value_id', '=', ref('product_attribute_value_5')),
            ('attribute_line_id', '=', ref('product_template_attribute_line_5')),
            '&amp;', ('product_attribute_value_id', '=', ref('product_attribute_value_7')),
            ('attribute_line_id', '=', ref('product_template_attribute_line_7')),
        ])"/>
        <field name="product_template_attribute_value_ids" model="product.template.attribute.value" eval="obj().search([
            '|', '|', '|', '|', '|', '|', '|', '|', '|',
            '&amp;', ('product_attribute_value_id', '=', ref('product_attribute_value_1')),
            ('attribute_line_id', '=', ref('product_template_attribute_line_1')),
            '&amp;', ('product_attribute_value_id', '=', ref('product_attribute_value_2')),
            ('attribute_line_id', '=', ref('product_template_attribute_line_2')),
            '&amp;', ('product_attribute_value_id', '=', ref('product_attribute_value_3')),
            ('attribute_line_id', '=', ref('product_template_attribute_line_3')),
            '&amp;', ('product_attribute_value_id', '=', ref('product_attribute_value_14')),
            ('attribute_line_id', '=', ref('product_template_attribute_line_4')),
            '&amp;', ('product_attribute_value_id', '=', ref('product_attribute_value_5')),
            ('attribute_line_id', '=', ref('product_template_attribute_line_5')),
            '&amp;', ('product_attribute_value_id', '=', ref('product_attribute_value_6')),
            ('attribute_line_id', '=', ref('product_template_attribute_line_6')),
            '&amp;', ('product_attribute_value_id', '=', ref('product_attribute_value_7')),
            ('attribute_line_id', '=', ref('product_template_attribute_line_7')),
            '&amp;', ('product_attribute_value_id', '=', ref('product_attribute_value_8')),
            ('attribute_line_id', '=', ref('product_template_attribute_line_8')),
            '&amp;', ('product_attribute_value_id', '=', ref('product_attribute_value_10')),
            ('attribute_line_id', '=', ref('product_template_attribute_line_9')),
            '&amp;', ('product_attribute_value_id', '=', ref('product_attribute_value_11')),
            ('attribute_line_id', '=', ref('product_template_attribute_line_10')),
        ])"/>
        <field name="purchase_method">purchase</field>
    </record>
    <record id="product_product_27" model="product.product">
        <field name="product_tmpl_id" ref="product_template_4"/>
        <field name="product_template_variant_value_ids" model="product.template.attribute.value" eval="obj().search([
            '|', '|',
            '&amp;', ('product_attribute_value_id', '=', ref('product_attribute_value_4')),
            ('attribute_line_id', '=', ref('product_template_attribute_line_4')),
            '&amp;', ('product_attribute_value_id', '=', ref('product_attribute_value_15')),
            ('attribute_line_id', '=', ref('product_template_attribute_line_5')),
            '&amp;', ('product_attribute_value_id', '=', ref('product_attribute_value_7')),
            ('attribute_line_id', '=', ref('product_template_attribute_line_7')),
        ])"/>
        <field name="product_template_attribute_value_ids" model="product.template.attribute.value" eval="obj().search([
            '|', '|', '|', '|', '|', '|', '|', '|', '|',
            '&amp;', ('product_attribute_value_id', '=', ref('product_attribute_value_1')),
            ('attribute_line_id', '=', ref('product_template_attribute_line_1')),
            '&amp;', ('product_attribute_value_id', '=', ref('product_attribute_value_2')),
            ('attribute_line_id', '=', ref('product_template_attribute_line_2')),
            '&amp;', ('product_attribute_value_id', '=', ref('product_attribute_value_3')),
            ('attribute_line_id', '=', ref('product_template_attribute_line_3')),
            '&amp;', ('product_attribute_value_id', '=', ref('product_attribute_value_4')),
            ('attribute_line_id', '=', ref('product_template_attribute_line_4')),
            '&amp;', ('product_attribute_value_id', '=', ref('product_attribute_value_15')),
            ('attribute_line_id', '=', ref('product_template_attribute_line_5')),
            '&amp;', ('product_attribute_value_id', '=', ref('product_attribute_value_6')),
            ('attribute_line_id', '=', ref('product_template_attribute_line_6')),
            '&amp;', ('product_attribute_value_id', '=', ref('product_attribute_value_7')),
            ('attribute_line_id', '=', ref('product_template_attribute_line_7')),
            '&amp;', ('product_attribute_value_id', '=', ref('product_attribute_value_8')),
            ('attribute_line_id', '=', ref('product_template_attribute_line_8')),
            '&amp;', ('product_attribute_value_id', '=', ref('product_attribute_value_10')),
            ('attribute_line_id', '=', ref('product_template_attribute_line_9')),
            '&amp;', ('product_attribute_value_id', '=', ref('product_attribute_value_11')),
            ('attribute_line_id', '=', ref('product_template_attribute_line_10')),
        ])"/>
        <field name="purchase_method">purchase</field>
    </record>
    <record id="product_product_28" model="product.product">
        <field name="product_tmpl_id" ref="product_template_4"/>
        <field name="product_template_variant_value_ids" model="product.template.attribute.value" eval="obj().search([
            '|', '|',
            '&amp;', ('product_attribute_value_id', '=', ref('product_attribute_value_14')),
            ('attribute_line_id', '=', ref('product_template_attribute_line_4')),
            '&amp;', ('product_attribute_value_id', '=', ref('product_attribute_value_15')),
            ('attribute_line_id', '=', ref('product_template_attribute_line_5')),
            '&amp;', ('product_attribute_value_id', '=', ref('product_attribute_value_7')),
            ('attribute_line_id', '=', ref('product_template_attribute_line_7')),
        ])"/>
        <field name="product_template_attribute_value_ids" model="product.template.attribute.value" eval="obj().search([
            '|', '|', '|', '|', '|', '|', '|', '|', '|',
            '&amp;', ('product_attribute_value_id', '=', ref('product_attribute_value_1')),
            ('attribute_line_id', '=', ref('product_template_attribute_line_1')),
            '&amp;', ('product_attribute_value_id', '=', ref('product_attribute_value_2')),
            ('attribute_line_id', '=', ref('product_template_attribute_line_2')),
            '&amp;', ('product_attribute_value_id', '=', ref('product_attribute_value_3')),
            ('attribute_line_id', '=', ref('product_template_attribute_line_3')),
            '&amp;', ('product_attribute_value_id', '=', ref('product_attribute_value_14')),
            ('attribute_line_id', '=', ref('product_template_attribute_line_4')),
            '&amp;', ('product_attribute_value_id', '=', ref('product_attribute_value_15')),
            ('attribute_line_id', '=', ref('product_template_attribute_line_5')),
            '&amp;', ('product_attribute_value_id', '=', ref('product_attribute_value_6')),
            ('attribute_line_id', '=', ref('product_template_attribute_line_6')),
            '&amp;', ('product_attribute_value_id', '=', ref('product_attribute_value_7')),
            ('attribute_line_id', '=', ref('product_template_attribute_line_7')),
            '&amp;', ('product_attribute_value_id', '=', ref('product_attribute_value_8')),
            ('attribute_line_id', '=', ref('product_template_attribute_line_8')),
            '&amp;', ('product_attribute_value_id', '=', ref('product_attribute_value_10')),
            ('attribute_line_id', '=', ref('product_template_attribute_line_9')),
            '&amp;', ('product_attribute_value_id', '=', ref('product_attribute_value_11')),
            ('attribute_line_id', '=', ref('product_template_attribute_line_10')),
        ])"/>
        <field name="purchase_method">purchase</field>
    </record>
    <record id="product_product_29" model="product.product">
        <field name="product_tmpl_id" ref="product_template_4"/>
        <field name="product_template_variant_value_ids" model="product.template.attribute.value" eval="obj().search([
            '|', '|',
            '&amp;', ('product_attribute_value_id', '=', ref('product_attribute_value_4')),
            ('attribute_line_id', '=', ref('product_template_attribute_line_4')),
            '&amp;', ('product_attribute_value_id', '=', ref('product_attribute_value_5')),
            ('attribute_line_id', '=', ref('product_template_attribute_line_5')),
            '&amp;', ('product_attribute_value_id', '=', ref('product_attribute_value_19')),
            ('attribute_line_id', '=', ref('product_template_attribute_line_7')),
        ])"/>
        <field name="product_template_attribute_value_ids" model="product.template.attribute.value" eval="obj().search([
            '|', '|', '|', '|', '|', '|', '|', '|', '|',
            '&amp;', ('product_attribute_value_id', '=', ref('product_attribute_value_1')),
            ('attribute_line_id', '=', ref('product_template_attribute_line_1')),
            '&amp;', ('product_attribute_value_id', '=', ref('product_attribute_value_2')),
            ('attribute_line_id', '=', ref('product_template_attribute_line_2')),
            '&amp;', ('product_attribute_value_id', '=', ref('product_attribute_value_3')),
            ('attribute_line_id', '=', ref('product_template_attribute_line_3')),
            '&amp;', ('product_attribute_value_id', '=', ref('product_attribute_value_4')),
            ('attribute_line_id', '=', ref('product_template_attribute_line_4')),
            '&amp;', ('product_attribute_value_id', '=', ref('product_attribute_value_5')),
            ('attribute_line_id', '=', ref('product_template_attribute_line_5')),
            '&amp;', ('product_attribute_value_id', '=', ref('product_attribute_value_6')),
            ('attribute_line_id', '=', ref('product_template_attribute_line_6')),
            '&amp;', ('product_attribute_value_id', '=', ref('product_attribute_value_19')),
            ('attribute_line_id', '=', ref('product_template_attribute_line_7')),
            '&amp;', ('product_attribute_value_id', '=', ref('product_attribute_value_8')),
            ('attribute_line_id', '=', ref('product_template_attribute_line_8')),
            '&amp;', ('product_attribute_value_id', '=', ref('product_attribute_value_10')),
            ('attribute_line_id', '=', ref('product_template_attribute_line_9')),
            '&amp;', ('product_attribute_value_id', '=', ref('product_attribute_value_11')),
            ('attribute_line_id', '=', ref('product_template_attribute_line_10')),
        ])"/>
        <field name="purchase_method">purchase</field>
    </record>
    <record id="product_product_30" model="product.product">
        <field name="product_tmpl_id" ref="product_template_4"/>
        <field name="product_template_variant_value_ids" model="product.template.attribute.value" eval="obj().search([
            '|', '|',
            '&amp;', ('product_attribute_value_id', '=', ref('product_attribute_value_4')),
            ('attribute_line_id', '=', ref('product_template_attribute_line_4')),
            '&amp;', ('product_attribute_value_id', '=', ref('product_attribute_value_15')),
            ('attribute_line_id', '=', ref('product_template_attribute_line_5')),
            '&amp;', ('product_attribute_value_id', '=', ref('product_attribute_value_19')),
            ('attribute_line_id', '=', ref('product_template_attribute_line_7')),
        ])"/>
        <field name="product_template_attribute_value_ids" model="product.template.attribute.value" eval="obj().search([
            '|', '|', '|', '|', '|', '|', '|', '|', '|',
            '&amp;', ('product_attribute_value_id', '=', ref('product_attribute_value_1')),
            ('attribute_line_id', '=', ref('product_template_attribute_line_1')),
            '&amp;', ('product_attribute_value_id', '=', ref('product_attribute_value_2')),
            ('attribute_line_id', '=', ref('product_template_attribute_line_2')),
            '&amp;', ('product_attribute_value_id', '=', ref('product_attribute_value_3')),
            ('attribute_line_id', '=', ref('product_template_attribute_line_3')),
            '&amp;', ('product_attribute_value_id', '=', ref('product_attribute_value_4')),
            ('attribute_line_id', '=', ref('product_template_attribute_line_4')),
            '&amp;', ('product_attribute_value_id', '=', ref('product_attribute_value_15')),
            ('attribute_line_id', '=', ref('product_template_attribute_line_5')),
            '&amp;', ('product_attribute_value_id', '=', ref('product_attribute_value_6')),
            ('attribute_line_id', '=', ref('product_template_attribute_line_6')),
            '&amp;', ('product_attribute_value_id', '=', ref('product_attribute_value_19')),
            ('attribute_line_id', '=', ref('product_template_attribute_line_7')),
            '&amp;', ('product_attribute_value_id', '=', ref('product_attribute_value_8')),
            ('attribute_line_id', '=', ref('product_template_attribute_line_8')),
            '&amp;', ('product_attribute_value_id', '=', ref('product_attribute_value_10')),
            ('attribute_line_id', '=', ref('product_template_attribute_line_9')),
            '&amp;', ('product_attribute_value_id', '=', ref('product_attribute_value_11')),
            ('attribute_line_id', '=', ref('product_template_attribute_line_10')),
        ])"/>
        <field name="purchase_method">purchase</field>
    </record>
    <record id="product_product_31" model="product.product">
        <field name="product_tmpl_id" ref="product_template_4"/>
        <field name="product_template_variant_value_ids" model="product.template.attribute.value" eval="obj().search([
            '|', '|',
            '&amp;', ('product_attribute_value_id', '=', ref('product_attribute_value_14')),
            ('attribute_line_id', '=', ref('product_template_attribute_line_4')),
            '&amp;', ('product_attribute_value_id', '=', ref('product_attribute_value_5')),
            ('attribute_line_id', '=', ref('product_template_attribute_line_5')),
            '&amp;', ('product_attribute_value_id', '=', ref('product_attribute_value_19')),
            ('attribute_line_id', '=', ref('product_template_attribute_line_7')),
        ])"/>
        <field name="product_template_attribute_value_ids" model="product.template.attribute.value" eval="obj().search([
            '|', '|', '|', '|', '|', '|', '|', '|', '|',
            '&amp;', ('product_attribute_value_id', '=', ref('product_attribute_value_1')),
            ('attribute_line_id', '=', ref('product_template_attribute_line_1')),
            '&amp;', ('product_attribute_value_id', '=', ref('product_attribute_value_2')),
            ('attribute_line_id', '=', ref('product_template_attribute_line_2')),
            '&amp;', ('product_attribute_value_id', '=', ref('product_attribute_value_3')),
            ('attribute_line_id', '=', ref('product_template_attribute_line_3')),
            '&amp;', ('product_attribute_value_id', '=', ref('product_attribute_value_14')),
            ('attribute_line_id', '=', ref('product_template_attribute_line_4')),
            '&amp;', ('product_attribute_value_id', '=', ref('product_attribute_value_5')),
            ('attribute_line_id', '=', ref('product_template_attribute_line_5')),
            '&amp;', ('product_attribute_value_id', '=', ref('product_attribute_value_6')),
            ('attribute_line_id', '=', ref('product_template_attribute_line_6')),
            '&amp;', ('product_attribute_value_id', '=', ref('product_attribute_value_19')),
            ('attribute_line_id', '=', ref('product_template_attribute_line_7')),
            '&amp;', ('product_attribute_value_id', '=', ref('product_attribute_value_8')),
            ('attribute_line_id', '=', ref('product_template_attribute_line_8')),
            '&amp;', ('product_attribute_value_id', '=', ref('product_attribute_value_10')),
            ('attribute_line_id', '=', ref('product_template_attribute_line_9')),
            '&amp;', ('product_attribute_value_id', '=', ref('product_attribute_value_11')),
            ('attribute_line_id', '=', ref('product_template_attribute_line_10')),
        ])"/>
        <field name="purchase_method">purchase</field>
    </record>
    <record id="product_product_32" model="product.product">
        <field name="product_tmpl_id" ref="product_template_4"/>
        <field name="product_template_variant_value_ids" model="product.template.attribute.value" eval="obj().search([
            '|', '|',
            '&amp;', ('product_attribute_value_id', '=', ref('product_attribute_value_14')),
            ('attribute_line_id', '=', ref('product_template_attribute_line_4')),
            '&amp;', ('product_attribute_value_id', '=', ref('product_attribute_value_15')),
            ('attribute_line_id', '=', ref('product_template_attribute_line_5')),
            '&amp;', ('product_attribute_value_id', '=', ref('product_attribute_value_19')),
            ('attribute_line_id', '=', ref('product_template_attribute_line_7')),
        ])"/>
        <field name="product_template_attribute_value_ids" model="product.template.attribute.value" eval="obj().search([
            '|', '|', '|', '|', '|', '|', '|', '|', '|',
            '&amp;', ('product_attribute_value_id', '=', ref('product_attribute_value_1')),
            ('attribute_line_id', '=', ref('product_template_attribute_line_1')),
            '&amp;', ('product_attribute_value_id', '=', ref('product_attribute_value_2')),
            ('attribute_line_id', '=', ref('product_template_attribute_line_2')),
            '&amp;', ('product_attribute_value_id', '=', ref('product_attribute_value_3')),
            ('attribute_line_id', '=', ref('product_template_attribute_line_3')),
            '&amp;', ('product_attribute_value_id', '=', ref('product_attribute_value_14')),
            ('attribute_line_id', '=', ref('product_template_attribute_line_4')),
            '&amp;', ('product_attribute_value_id', '=', ref('product_attribute_value_15')),
            ('attribute_line_id', '=', ref('product_template_attribute_line_5')),
            '&amp;', ('product_attribute_value_id', '=', ref('product_attribute_value_6')),
            ('attribute_line_id', '=', ref('product_template_attribute_line_6')),
            '&amp;', ('product_attribute_value_id', '=', ref('product_attribute_value_19')),
            ('attribute_line_id', '=', ref('product_template_attribute_line_7')),
            '&amp;', ('product_attribute_value_id', '=', ref('product_attribute_value_8')),
            ('attribute_line_id', '=', ref('product_template_attribute_line_8')),
            '&amp;', ('product_attribute_value_id', '=', ref('product_attribute_value_10')),
            ('attribute_line_id', '=', ref('product_template_attribute_line_9')),
            '&amp;', ('product_attribute_value_id', '=', ref('product_attribute_value_11')),
            ('attribute_line_id', '=', ref('product_template_attribute_line_10')),
        ])"/>
        <field name="purchase_method">purchase</field>
    </record>
    <record id="product_product_33" model="product.product">
        <field name="product_tmpl_id" ref="product_template_7"/>
        <field name="product_template_variant_value_ids" model="product.template.attribute.value" eval="obj().search([
            '|', '|',
            '&amp;', ('product_attribute_value_id', '=', ref('product_attribute_value_4')),
            ('attribute_line_id', '=', ref('product_template_attribute_line_25')),
            '&amp;', ('product_attribute_value_id', '=', ref('product_attribute_value_15')),
            ('attribute_line_id', '=', ref('product_template_attribute_line_26')),
            '&amp;', ('product_attribute_value_id', '=', ref('product_attribute_value_19')),
            ('attribute_line_id', '=', ref('product_template_attribute_line_28')),
        ])"/>
        <field name="product_template_attribute_value_ids" model="product.template.attribute.value" eval="obj().search([
            '|', '|', '|', '|', '|', '|', '|', '|', '|',
            '&amp;', ('product_attribute_value_id', '=', ref('product_attribute_value_1')),
            ('attribute_line_id', '=', ref('product_template_attribute_line_22')),
            '&amp;', ('product_attribute_value_id', '=', ref('product_attribute_value_12')),
            ('attribute_line_id', '=', ref('product_template_attribute_line_23')),
            '&amp;', ('product_attribute_value_id', '=', ref('product_attribute_value_18')),
            ('attribute_line_id', '=', ref('product_template_attribute_line_24')),
            '&amp;', ('product_attribute_value_id', '=', ref('product_attribute_value_4')),
            ('attribute_line_id', '=', ref('product_template_attribute_line_25')),
            '&amp;', ('product_attribute_value_id', '=', ref('product_attribute_value_15')),
            ('attribute_line_id', '=', ref('product_template_attribute_line_26')),
            '&amp;', ('product_attribute_value_id', '=', ref('product_attribute_value_16')),
            ('attribute_line_id', '=', ref('product_template_attribute_line_27')),
            '&amp;', ('product_attribute_value_id', '=', ref('product_attribute_value_19')),
            ('attribute_line_id', '=', ref('product_template_attribute_line_28')),
            '&amp;', ('product_attribute_value_id', '=', ref('product_attribute_value_8')),
            ('attribute_line_id', '=', ref('product_template_attribute_line_29')),
            '&amp;', ('product_attribute_value_id', '=', ref('product_attribute_value_10')),
            ('attribute_line_id', '=', ref('product_template_attribute_line_30')),
            '&amp;', ('product_attribute_value_id', '=', ref('product_attribute_value_11')),
            ('attribute_line_id', '=', ref('product_template_attribute_line_31')),
        ])"/>
        <field name="purchase_method">purchase</field>
    </record>
    <record id="product_product_34" model="product.product">
        <field name="product_tmpl_id" ref="product_template_7"/>
        <field name="product_template_variant_value_ids" model="product.template.attribute.value" eval="obj().search([
            '|', '|',
            '&amp;', ('product_attribute_value_id', '=', ref('product_attribute_value_4')),
            ('attribute_line_id', '=', ref('product_template_attribute_line_25')),
            '&amp;', ('product_attribute_value_id', '=', ref('product_attribute_value_5')),
            ('attribute_line_id', '=', ref('product_template_attribute_line_26')),
            '&amp;', ('product_attribute_value_id', '=', ref('product_attribute_value_19')),
            ('attribute_line_id', '=', ref('product_template_attribute_line_28')),
        ])"/>
        <field name="product_template_attribute_value_ids" model="product.template.attribute.value" eval="obj().search([
            '|', '|', '|', '|', '|', '|', '|', '|', '|',
            '&amp;', ('product_attribute_value_id', '=', ref('product_attribute_value_1')),
            ('attribute_line_id', '=', ref('product_template_attribute_line_22')),
            '&amp;', ('product_attribute_value_id', '=', ref('product_attribute_value_12')),
            ('attribute_line_id', '=', ref('product_template_attribute_line_23')),
            '&amp;', ('product_attribute_value_id', '=', ref('product_attribute_value_18')),
            ('attribute_line_id', '=', ref('product_template_attribute_line_24')),
            '&amp;', ('product_attribute_value_id', '=', ref('product_attribute_value_4')),
            ('attribute_line_id', '=', ref('product_template_attribute_line_25')),
            '&amp;', ('product_attribute_value_id', '=', ref('product_attribute_value_5')),
            ('attribute_line_id', '=', ref('product_template_attribute_line_26')),
            '&amp;', ('product_attribute_value_id', '=', ref('product_attribute_value_16')),
            ('attribute_line_id', '=', ref('product_template_attribute_line_27')),
            '&amp;', ('product_attribute_value_id', '=', ref('product_attribute_value_19')),
            ('attribute_line_id', '=', ref('product_template_attribute_line_28')),
            '&amp;', ('product_attribute_value_id', '=', ref('product_attribute_value_8')),
            ('attribute_line_id', '=', ref('product_template_attribute_line_29')),
            '&amp;', ('product_attribute_value_id', '=', ref('product_attribute_value_10')),
            ('attribute_line_id', '=', ref('product_template_attribute_line_30')),
            '&amp;', ('product_attribute_value_id', '=', ref('product_attribute_value_11')),
            ('attribute_line_id', '=', ref('product_template_attribute_line_31')),
        ])"/>
        <field name="purchase_method">purchase</field>
    </record>
    <record id="product_product_35" model="product.product">
        <field name="product_tmpl_id" ref="product_template_7"/>
        <field name="product_template_variant_value_ids" model="product.template.attribute.value" eval="obj().search([
            '|', '|',
            '&amp;', ('product_attribute_value_id', '=', ref('product_attribute_value_14')),
            ('attribute_line_id', '=', ref('product_template_attribute_line_25')),
            '&amp;', ('product_attribute_value_id', '=', ref('product_attribute_value_5')),
            ('attribute_line_id', '=', ref('product_template_attribute_line_26')),
            '&amp;', ('product_attribute_value_id', '=', ref('product_attribute_value_19')),
            ('attribute_line_id', '=', ref('product_template_attribute_line_28')),
        ])"/>
        <field name="product_template_attribute_value_ids" model="product.template.attribute.value" eval="obj().search([
            '|', '|', '|', '|', '|', '|', '|', '|', '|',
            '&amp;', ('product_attribute_value_id', '=', ref('product_attribute_value_1')),
            ('attribute_line_id', '=', ref('product_template_attribute_line_22')),
            '&amp;', ('product_attribute_value_id', '=', ref('product_attribute_value_12')),
            ('attribute_line_id', '=', ref('product_template_attribute_line_23')),
            '&amp;', ('product_attribute_value_id', '=', ref('product_attribute_value_18')),
            ('attribute_line_id', '=', ref('product_template_attribute_line_24')),
            '&amp;', ('product_attribute_value_id', '=', ref('product_attribute_value_14')),
            ('attribute_line_id', '=', ref('product_template_attribute_line_25')),
            '&amp;', ('product_attribute_value_id', '=', ref('product_attribute_value_5')),
            ('attribute_line_id', '=', ref('product_template_attribute_line_26')),
            '&amp;', ('product_attribute_value_id', '=', ref('product_attribute_value_16')),
            ('attribute_line_id', '=', ref('product_template_attribute_line_27')),
            '&amp;', ('product_attribute_value_id', '=', ref('product_attribute_value_19')),
            ('attribute_line_id', '=', ref('product_template_attribute_line_28')),
            '&amp;', ('product_attribute_value_id', '=', ref('product_attribute_value_8')),
            ('attribute_line_id', '=', ref('product_template_attribute_line_29')),
            '&amp;', ('product_attribute_value_id', '=', ref('product_attribute_value_10')),
            ('attribute_line_id', '=', ref('product_template_attribute_line_30')),
            '&amp;', ('product_attribute_value_id', '=', ref('product_attribute_value_11')),
            ('attribute_line_id', '=', ref('product_template_attribute_line_31')),
        ])"/>
        <field name="purchase_method">purchase</field>
    </record>
    <record id="product_product_36" model="product.product">
        <field name="product_tmpl_id" ref="product_template_7"/>
        <field name="product_template_variant_value_ids" model="product.template.attribute.value" eval="obj().search([
            '|', '|',
            '&amp;', ('product_attribute_value_id', '=', ref('product_attribute_value_4')),
            ('attribute_line_id', '=', ref('product_template_attribute_line_25')),
            '&amp;', ('product_attribute_value_id', '=', ref('product_attribute_value_5')),
            ('attribute_line_id', '=', ref('product_template_attribute_line_26')),
            '&amp;', ('product_attribute_value_id', '=', ref('product_attribute_value_7')),
            ('attribute_line_id', '=', ref('product_template_attribute_line_28')),
        ])"/>
        <field name="product_template_attribute_value_ids" model="product.template.attribute.value" eval="obj().search([
            '|', '|', '|', '|', '|', '|', '|', '|', '|',
            '&amp;', ('product_attribute_value_id', '=', ref('product_attribute_value_1')),
            ('attribute_line_id', '=', ref('product_template_attribute_line_22')),
            '&amp;', ('product_attribute_value_id', '=', ref('product_attribute_value_12')),
            ('attribute_line_id', '=', ref('product_template_attribute_line_23')),
            '&amp;', ('product_attribute_value_id', '=', ref('product_attribute_value_18')),
            ('attribute_line_id', '=', ref('product_template_attribute_line_24')),
            '&amp;', ('product_attribute_value_id', '=', ref('product_attribute_value_4')),
            ('attribute_line_id', '=', ref('product_template_attribute_line_25')),
            '&amp;', ('product_attribute_value_id', '=', ref('product_attribute_value_5')),
            ('attribute_line_id', '=', ref('product_template_attribute_line_26')),
            '&amp;', ('product_attribute_value_id', '=', ref('product_attribute_value_16')),
            ('attribute_line_id', '=', ref('product_template_attribute_line_27')),
            '&amp;', ('product_attribute_value_id', '=', ref('product_attribute_value_7')),
            ('attribute_line_id', '=', ref('product_template_attribute_line_28')),
            '&amp;', ('product_attribute_value_id', '=', ref('product_attribute_value_8')),
            ('attribute_line_id', '=', ref('product_template_attribute_line_29')),
            '&amp;', ('product_attribute_value_id', '=', ref('product_attribute_value_10')),
            ('attribute_line_id', '=', ref('product_template_attribute_line_30')),
            '&amp;', ('product_attribute_value_id', '=', ref('product_attribute_value_11')),
            ('attribute_line_id', '=', ref('product_template_attribute_line_31')),
        ])"/>
        <field name="purchase_method">purchase</field>
    </record>
    <record id="product_product_37" model="product.product">
        <field name="product_tmpl_id" ref="product_template_7"/>
        <field name="product_template_variant_value_ids" model="product.template.attribute.value" eval="obj().search([
            '|', '|',
            '&amp;', ('product_attribute_value_id', '=', ref('product_attribute_value_4')),
            ('attribute_line_id', '=', ref('product_template_attribute_line_25')),
            '&amp;', ('product_attribute_value_id', '=', ref('product_attribute_value_15')),
            ('attribute_line_id', '=', ref('product_template_attribute_line_26')),
            '&amp;', ('product_attribute_value_id', '=', ref('product_attribute_value_7')),
            ('attribute_line_id', '=', ref('product_template_attribute_line_28')),
        ])"/>
        <field name="product_template_attribute_value_ids" model="product.template.attribute.value" eval="obj().search([
            '|', '|', '|', '|', '|', '|', '|', '|', '|',
            '&amp;', ('product_attribute_value_id', '=', ref('product_attribute_value_1')),
            ('attribute_line_id', '=', ref('product_template_attribute_line_22')),
            '&amp;', ('product_attribute_value_id', '=', ref('product_attribute_value_12')),
            ('attribute_line_id', '=', ref('product_template_attribute_line_23')),
            '&amp;', ('product_attribute_value_id', '=', ref('product_attribute_value_18')),
            ('attribute_line_id', '=', ref('product_template_attribute_line_24')),
            '&amp;', ('product_attribute_value_id', '=', ref('product_attribute_value_4')),
            ('attribute_line_id', '=', ref('product_template_attribute_line_25')),
            '&amp;', ('product_attribute_value_id', '=', ref('product_attribute_value_15')),
            ('attribute_line_id', '=', ref('product_template_attribute_line_26')),
            '&amp;', ('product_attribute_value_id', '=', ref('product_attribute_value_16')),
            ('attribute_line_id', '=', ref('product_template_attribute_line_27')),
            '&amp;', ('product_attribute_value_id', '=', ref('product_attribute_value_7')),
            ('attribute_line_id', '=', ref('product_template_attribute_line_28')),
            '&amp;', ('product_attribute_value_id', '=', ref('product_attribute_value_8')),
            ('attribute_line_id', '=', ref('product_template_attribute_line_29')),
            '&amp;', ('product_attribute_value_id', '=', ref('product_attribute_value_10')),
            ('attribute_line_id', '=', ref('product_template_attribute_line_30')),
            '&amp;', ('product_attribute_value_id', '=', ref('product_attribute_value_11')),
            ('attribute_line_id', '=', ref('product_template_attribute_line_31')),
        ])"/>
        <field name="purchase_method">purchase</field>
    </record>
    <record id="product_product_38" model="product.product">
        <field name="product_tmpl_id" ref="product_template_7"/>
        <field name="product_template_variant_value_ids" model="product.template.attribute.value" eval="obj().search([
            '|', '|',
            '&amp;', ('product_attribute_value_id', '=', ref('product_attribute_value_14')),
            ('attribute_line_id', '=', ref('product_template_attribute_line_25')),
            '&amp;', ('product_attribute_value_id', '=', ref('product_attribute_value_5')),
            ('attribute_line_id', '=', ref('product_template_attribute_line_26')),
            '&amp;', ('product_attribute_value_id', '=', ref('product_attribute_value_7')),
            ('attribute_line_id', '=', ref('product_template_attribute_line_28')),
        ])"/>
        <field name="product_template_attribute_value_ids" model="product.template.attribute.value" eval="obj().search([
            '|', '|', '|', '|', '|', '|', '|', '|', '|',
            '&amp;', ('product_attribute_value_id', '=', ref('product_attribute_value_1')),
            ('attribute_line_id', '=', ref('product_template_attribute_line_22')),
            '&amp;', ('product_attribute_value_id', '=', ref('product_attribute_value_12')),
            ('attribute_line_id', '=', ref('product_template_attribute_line_23')),
            '&amp;', ('product_attribute_value_id', '=', ref('product_attribute_value_18')),
            ('attribute_line_id', '=', ref('product_template_attribute_line_24')),
            '&amp;', ('product_attribute_value_id', '=', ref('product_attribute_value_14')),
            ('attribute_line_id', '=', ref('product_template_attribute_line_25')),
            '&amp;', ('product_attribute_value_id', '=', ref('product_attribute_value_5')),
            ('attribute_line_id', '=', ref('product_template_attribute_line_26')),
            '&amp;', ('product_attribute_value_id', '=', ref('product_attribute_value_16')),
            ('attribute_line_id', '=', ref('product_template_attribute_line_27')),
            '&amp;', ('product_attribute_value_id', '=', ref('product_attribute_value_7')),
            ('attribute_line_id', '=', ref('product_template_attribute_line_28')),
            '&amp;', ('product_attribute_value_id', '=', ref('product_attribute_value_8')),
            ('attribute_line_id', '=', ref('product_template_attribute_line_29')),
            '&amp;', ('product_attribute_value_id', '=', ref('product_attribute_value_10')),
            ('attribute_line_id', '=', ref('product_template_attribute_line_30')),
            '&amp;', ('product_attribute_value_id', '=', ref('product_attribute_value_11')),
            ('attribute_line_id', '=', ref('product_template_attribute_line_31')),
        ])"/>
        <field name="purchase_method">purchase</field>
    </record>
    <record id="product_product_39" model="product.product">
        <field name="product_tmpl_id" ref="product_template_7"/>
        <field name="product_template_variant_value_ids" model="product.template.attribute.value" eval="obj().search([
            '|', '|',
            '&amp;', ('product_attribute_value_id', '=', ref('product_attribute_value_14')),
            ('attribute_line_id', '=', ref('product_template_attribute_line_25')),
            '&amp;', ('product_attribute_value_id', '=', ref('product_attribute_value_15')),
            ('attribute_line_id', '=', ref('product_template_attribute_line_26')),
            '&amp;', ('product_attribute_value_id', '=', ref('product_attribute_value_7')),
            ('attribute_line_id', '=', ref('product_template_attribute_line_28')),
        ])"/>
        <field name="product_template_attribute_value_ids" model="product.template.attribute.value" eval="obj().search([
            '|', '|', '|', '|', '|', '|', '|', '|', '|',
            '&amp;', ('product_attribute_value_id', '=', ref('product_attribute_value_1')),
            ('attribute_line_id', '=', ref('product_template_attribute_line_22')),
            '&amp;', ('product_attribute_value_id', '=', ref('product_attribute_value_12')),
            ('attribute_line_id', '=', ref('product_template_attribute_line_23')),
            '&amp;', ('product_attribute_value_id', '=', ref('product_attribute_value_18')),
            ('attribute_line_id', '=', ref('product_template_attribute_line_24')),
            '&amp;', ('product_attribute_value_id', '=', ref('product_attribute_value_14')),
            ('attribute_line_id', '=', ref('product_template_attribute_line_25')),
            '&amp;', ('product_attribute_value_id', '=', ref('product_attribute_value_15')),
            ('attribute_line_id', '=', ref('product_template_attribute_line_26')),
            '&amp;', ('product_attribute_value_id', '=', ref('product_attribute_value_16')),
            ('attribute_line_id', '=', ref('product_template_attribute_line_27')),
            '&amp;', ('product_attribute_value_id', '=', ref('product_attribute_value_7')),
            ('attribute_line_id', '=', ref('product_template_attribute_line_28')),
            '&amp;', ('product_attribute_value_id', '=', ref('product_attribute_value_8')),
            ('attribute_line_id', '=', ref('product_template_attribute_line_29')),
            '&amp;', ('product_attribute_value_id', '=', ref('product_attribute_value_10')),
            ('attribute_line_id', '=', ref('product_template_attribute_line_30')),
            '&amp;', ('product_attribute_value_id', '=', ref('product_attribute_value_11')),
            ('attribute_line_id', '=', ref('product_template_attribute_line_31')),
        ])"/>
        <field name="purchase_method">purchase</field>
    </record>
    <record id="product_product_4" model="product.product">
        <field name="product_tmpl_id" ref="product_template_4"/>
        <field name="product_template_variant_value_ids" model="product.template.attribute.value" eval="obj().search([
            '|', '|',
            '&amp;', ('product_attribute_value_id', '=', ref('product_attribute_value_4')),
            ('attribute_line_id', '=', ref('product_template_attribute_line_4')),
            '&amp;', ('product_attribute_value_id', '=', ref('product_attribute_value_5')),
            ('attribute_line_id', '=', ref('product_template_attribute_line_5')),
            '&amp;', ('product_attribute_value_id', '=', ref('product_attribute_value_7')),
            ('attribute_line_id', '=', ref('product_template_attribute_line_7')),
        ])"/>
        <field name="product_template_attribute_value_ids" model="product.template.attribute.value" eval="obj().search([
            '|', '|', '|', '|', '|', '|', '|', '|', '|',
            '&amp;', ('product_attribute_value_id', '=', ref('product_attribute_value_1')),
            ('attribute_line_id', '=', ref('product_template_attribute_line_1')),
            '&amp;', ('product_attribute_value_id', '=', ref('product_attribute_value_2')),
            ('attribute_line_id', '=', ref('product_template_attribute_line_2')),
            '&amp;', ('product_attribute_value_id', '=', ref('product_attribute_value_3')),
            ('attribute_line_id', '=', ref('product_template_attribute_line_3')),
            '&amp;', ('product_attribute_value_id', '=', ref('product_attribute_value_4')),
            ('attribute_line_id', '=', ref('product_template_attribute_line_4')),
            '&amp;', ('product_attribute_value_id', '=', ref('product_attribute_value_5')),
            ('attribute_line_id', '=', ref('product_template_attribute_line_5')),
            '&amp;', ('product_attribute_value_id', '=', ref('product_attribute_value_6')),
            ('attribute_line_id', '=', ref('product_template_attribute_line_6')),
            '&amp;', ('product_attribute_value_id', '=', ref('product_attribute_value_7')),
            ('attribute_line_id', '=', ref('product_template_attribute_line_7')),
            '&amp;', ('product_attribute_value_id', '=', ref('product_attribute_value_8')),
            ('attribute_line_id', '=', ref('product_template_attribute_line_8')),
            '&amp;', ('product_attribute_value_id', '=', ref('product_attribute_value_10')),
            ('attribute_line_id', '=', ref('product_template_attribute_line_9')),
            '&amp;', ('product_attribute_value_id', '=', ref('product_attribute_value_11')),
            ('attribute_line_id', '=', ref('product_template_attribute_line_10')),
        ])"/>
        <field name="default_code">21E8S00Y00</field>
        <field name="purchase_method">purchase</field>
    </record>
    <record id="product_product_5" model="product.product">
        <field name="product_tmpl_id" ref="product_template_5"/>
        <field name="product_template_variant_value_ids" model="product.template.attribute.value" eval="obj().search([
            '|', '&amp;', ('product_attribute_value_id', '=', ref('product_attribute_value_15')),
            ('attribute_line_id', '=', ref('product_template_attribute_line_14')),
            '&amp;', ('product_attribute_value_id', '=', ref('product_attribute_value_15')),
            ('attribute_line_id', '=', ref('product_template_attribute_line_14')),
        ])"/>
        <field name="product_template_attribute_value_ids" model="product.template.attribute.value" eval="obj().search([
            '|', '|', '|', '|', '|', '|', '|', '|', '|',
            '&amp;', ('product_attribute_value_id', '=', ref('product_attribute_value_1')),
            ('attribute_line_id', '=', ref('product_template_attribute_line_11')),
            '&amp;', ('product_attribute_value_id', '=', ref('product_attribute_value_12')),
            ('attribute_line_id', '=', ref('product_template_attribute_line_12')),
            '&amp;', ('product_attribute_value_id', '=', ref('product_attribute_value_13')),
            ('attribute_line_id', '=', ref('product_template_attribute_line_13')),
            '&amp;', ('product_attribute_value_id', '=', ref('product_attribute_value_14')),
            ('attribute_line_id', '=', ref('product_template_attribute_line_14')),
            '&amp;', ('product_attribute_value_id', '=', ref('product_attribute_value_15')),
            ('attribute_line_id', '=', ref('product_template_attribute_line_15')),
            '&amp;', ('product_attribute_value_id', '=', ref('product_attribute_value_16')),
            ('attribute_line_id', '=', ref('product_template_attribute_line_16')),
            '&amp;', ('product_attribute_value_id', '=', ref('product_attribute_value_7')),
            ('attribute_line_id', '=', ref('product_template_attribute_line_17')),
            '&amp;', ('product_attribute_value_id', '=', ref('product_attribute_value_8')),
            ('attribute_line_id', '=', ref('product_template_attribute_line_18')),
            '&amp;', ('product_attribute_value_id', '=', ref('product_attribute_value_10')),
            ('attribute_line_id', '=', ref('product_template_attribute_line_19')),
            '&amp;', ('product_attribute_value_id', '=', ref('product_attribute_value_11')),
            ('attribute_line_id', '=', ref('product_template_attribute_line_20')),
        ])"/>
        <field name="default_code">21CBS1RJ00</field>
        <field name="purchase_method">purchase</field>
    </record>
    <record id="product_product_6" model="product.product">
        <field name="product_tmpl_id" ref="product_template_6"/>
        <field name="product_template_variant_value_ids" model="product.template.attribute.value" eval="obj().search([
            ('product_attribute_value_id', '=', ref('product_attribute_value_6')),
            ('attribute_line_id', '=', ref('product_template_attribute_line_21')),
        ])"/>
        <field name="product_template_attribute_value_ids" model="product.template.attribute.value" eval="obj().search([
            ('product_attribute_value_id', '=', ref('product_attribute_value_6')),
            ('attribute_line_id', '=', ref('product_template_attribute_line_21')),
        ])"/>
        <field name="purchase_method">purchase</field>
    </record>
    <record id="product_product_7" model="product.product">
        <field name="product_tmpl_id" ref="product_template_6"/>
        <field name="product_template_variant_value_ids" model="product.template.attribute.value" eval="obj().search([
            ('product_attribute_value_id', '=', ref('product_attribute_value_16')),
            ('attribute_line_id', '=', ref('product_template_attribute_line_21')),
        ])"/>
        <field name="product_template_attribute_value_ids" model="product.template.attribute.value" eval="obj().search([
            ('product_attribute_value_id', '=', ref('product_attribute_value_16')),
            ('attribute_line_id', '=', ref('product_template_attribute_line_21')),
        ])"/>
        <field name="purchase_method">purchase</field>
    </record>
    <record id="product_product_8" model="product.product">
        <field name="product_tmpl_id" ref="product_template_6"/>
        <field name="product_template_variant_value_ids" model="product.template.attribute.value" eval="obj().search([
            ('product_attribute_value_id', '=', ref('product_attribute_value_17')),
            ('attribute_line_id', '=', ref('product_template_attribute_line_21')),
        ])"/>
        <field name="product_template_attribute_value_ids" model="product.template.attribute.value" eval="obj().search([
            ('product_attribute_value_id', '=', ref('product_attribute_value_17')),
            ('attribute_line_id', '=', ref('product_template_attribute_line_21')),
        ])"/>
        <field name="purchase_method">purchase</field>
    </record>
    <record id="product_product_9" model="product.product">
        <field name="product_tmpl_id" ref="product_template_7"/>
        <field name="product_template_variant_value_ids"  model="product.template.attribute.value" eval="obj().search([
            '|', '|',
            '&amp;', ('product_attribute_value_id', '=', ref('product_attribute_value_14')),
            ('attribute_line_id', '=', ref('product_template_attribute_line_25')),
            '&amp;', ('product_attribute_value_id', '=', ref('product_attribute_value_15')),
            ('attribute_line_id', '=', ref('product_template_attribute_line_26')),
            '&amp;', ('product_attribute_value_id', '=', ref('product_attribute_value_19')),
            ('attribute_line_id', '=', ref('product_template_attribute_line_28')),
        ])"/>
        <field name="product_template_attribute_value_ids" model="product.template.attribute.value" eval="obj().search([
            '|', '|', '|', '|', '|', '|', '|', '|', '|',
            '&amp;', ('product_attribute_value_id', '=', ref('product_attribute_value_1')),
            ('attribute_line_id', '=', ref('product_template_attribute_line_22')),
            '&amp;', ('product_attribute_value_id', '=', ref('product_attribute_value_12')),
            ('attribute_line_id', '=', ref('product_template_attribute_line_23')),
            '&amp;', ('product_attribute_value_id', '=', ref('product_attribute_value_18')),
            ('attribute_line_id', '=', ref('product_template_attribute_line_24')),
            '&amp;', ('product_attribute_value_id', '=', ref('product_attribute_value_14')),
            ('attribute_line_id', '=', ref('product_template_attribute_line_25')),
            '&amp;', ('product_attribute_value_id', '=', ref('product_attribute_value_15')),
            ('attribute_line_id', '=', ref('product_template_attribute_line_26')),
            '&amp;', ('product_attribute_value_id', '=', ref('product_attribute_value_16')),
            ('attribute_line_id', '=', ref('product_template_attribute_line_27')),
            '&amp;', ('product_attribute_value_id', '=', ref('product_attribute_value_19')),
            ('attribute_line_id', '=', ref('product_template_attribute_line_28')),
            '&amp;', ('product_attribute_value_id', '=', ref('product_attribute_value_8')),
            ('attribute_line_id', '=', ref('product_template_attribute_line_29')),
            '&amp;', ('product_attribute_value_id', '=', ref('product_attribute_value_10')),
            ('attribute_line_id', '=', ref('product_template_attribute_line_30')),
            '&amp;', ('product_attribute_value_id', '=', ref('product_attribute_value_11')),
            ('attribute_line_id', '=', ref('product_template_attribute_line_31')),
        ])"/>
        <field name="default_code">21CDS0LN00</field>
        <field name="purchase_method">purchase</field>
    </record>
    <record id="product_template_7" model="product.template" context="{'create_product_product': False}">
        <field name="alternative_product_ids" eval="[(6, 0, [ref('product_template_5'), ref('product_template_4')])]"/>
        <field name="accessory_product_ids" eval="[(6, 0, [ref('product_product_12'), ref('product_product_11'), ref('product_product_10')])]"/>
        <field name="purchase_method">purchase</field>
    </record>
    <record id="product_template_5" model="product.template" context="{'create_product_product': False}">
        <field name="alternative_product_ids" eval="[(6, 0, [ref('product_template_4'), ref('product_template_7')])]"/>
        <field name="accessory_product_ids" eval="[(6, 0, [ref('product_product_12'), ref('product_product_11'), ref('product_product_10')])]"/>
        <field name="purchase_method">purchase</field>
    </record>
    <record id="product_template_4" model="product.template" context="{'create_product_product': False}">
        <field name="alternative_product_ids" eval="[(6, 0, [ref('product_template_5'), ref('product_template_7')])]"/>
        <field name="accessory_product_ids" eval="[(6, 0, [ref('product_product_12'), ref('product_product_11'), ref('product_product_10')])]"/>
        <field name="purchase_method">purchase</field>
    </record>
</odoo>
