<?xml version='1.0' encoding='UTF-8'?>
<odoo noupdate="1">
    <record id="product_attribute_value_1" model="product.attribute.value">
        <field name="name">12th Generation Intel&#174; Core&#8482; i7-1260P Processor (E-cores up to 3.40 GHz P-cores up to 4.70 GHz)</field>
        <field name="attribute_id" ref="product_attribute_2"/>
    </record>
    <record id="product_attribute_value_10" model="product.attribute.value">
        <field name="name">Yes</field>
        <field name="attribute_id" ref="product_attribute_10"/>
    </record>
    <record id="product_attribute_value_11" model="product.attribute.value">
        <field name="name">Backlit, English (India)</field>
        <field name="attribute_id" ref="product_attribute_11"/>
    </record>
    <record id="product_attribute_value_12" model="product.attribute.value">
        <field name="name">Windows 11 Pro 64 (English)</field>
        <field name="attribute_id" ref="product_attribute_3"/>
    </record>
    <record id="product_attribute_value_13" model="product.attribute.value">
        <field name="name">14" WUXGA (1920 x 1200), IPS, Anti-Glare, Non-Touch, 100%s RGB, 400 nits, 60Hz</field>
        <field name="attribute_id" ref="product_attribute_4"/>
    </record>
    <record id="product_attribute_value_14" model="product.attribute.value">
        <field name="name">32 GB Soldered LPDDR5 5200MHz</field>
        <field name="attribute_id" ref="product_attribute_5"/>
    </record>
    <record id="product_attribute_value_15" model="product.attribute.value">
        <field name="name">1 TB SSD M.2 2280 PCIe Gen4</field>
        <field name="attribute_id" ref="product_attribute_6"/>
    </record>
    <record id="product_attribute_value_16" model="product.attribute.value">
        <field name="name">3 Year Warranty</field>
        <field name="attribute_id" ref="product_attribute_7"/>
    </record>
    <record id="product_attribute_value_17" model="product.attribute.value">
        <field name="name">2 Year Warranty</field>
        <field name="attribute_id" ref="product_attribute_7"/>
    </record>
    <record id="product_attribute_value_18" model="product.attribute.value">
        <field name="name">35.56cms (14) WUXGA (1920 x 1200), IPS, Anti-Glare, Touch, 100% sRGB, 400 Nits, 60Hz</field>
        <field name="attribute_id" ref="product_attribute_4"/>
    </record>
    <record id="product_attribute_value_19" model="product.attribute.value">
        <field name="name">Yes</field>
        <field name="attribute_id" ref="product_attribute_8"/>
    </record>
    <record id="product_attribute_value_2" model="product.attribute.value">
        <field name="name">Windows 11 Pro 64</field>
        <field name="attribute_id" ref="product_attribute_3"/>
    </record>
    <record id="product_attribute_value_20" model="product.attribute.value">
        <field name="name">Logitech</field>
        <field name="attribute_id" ref="website_sale.product_attribute_brand"/>
    </record>
    <record id="product_attribute_value_21" model="product.attribute.value">
        <field name="name">Hp</field>
        <field name="attribute_id" ref="website_sale.product_attribute_brand"/>
    </record>
    <record id="product_attribute_value_3" model="product.attribute.value">
        <field name="name">33.02cms (13) 2K (2160x1350) IPS 450 nits Anti-glare</field>
        <field name="attribute_id" ref="product_attribute_4"/>
    </record>
    <record id="product_attribute_value_4" model="product.attribute.value">
        <field name="name">16 GB LPDDR5 5200 soldered</field>
        <field name="attribute_id" ref="product_attribute_5"/>
    </record>
    <record id="product_attribute_value_5" model="product.attribute.value">
        <field name="name">1 TB M.2 2242 SSD</field>
        <field name="attribute_id" ref="product_attribute_6"/>
    </record>
    <record id="product_attribute_value_6" model="product.attribute.value">
        <field name="name">1 Year Warranty</field>
        <field name="attribute_id" ref="product_attribute_7"/>
    </record>
    <record id="product_attribute_value_7" model="product.attribute.value">
        <field name="name">No</field>
        <field name="attribute_id" ref="product_attribute_8"/>
    </record>
    <record id="product_attribute_value_8" model="product.attribute.value">
        <field name="name">Integrated Intel&#174; Iris&#174; Xe Graphics</field>
        <field name="attribute_id" ref="product_attribute_9"/>
    </record>
    <record id="product_attribute_value_9" model="product.attribute.value">
        <field name="name">No</field>
        <field name="attribute_id" ref="product_attribute_10"/>
    </record>
</odoo>
