<?xml version='1.0' encoding='UTF-8'?>
<odoo noupdate="1">
    <record id="product_template_attribute_line_1" model="product.template.attribute.line" context="{'create_product_product': False}">
        <field name="product_tmpl_id" ref="product_template_4"/>
        <field name="attribute_id" ref="product_attribute_2"/>
        <field name="value_ids" eval="[(6, 0, [ref('product_attribute_value_1')])]"/>
    </record>
    <record id="product_template_attribute_line_10" model="product.template.attribute.line" context="{'create_product_product': False}">
        <field name="product_tmpl_id" ref="product_template_4"/>
        <field name="attribute_id" ref="product_attribute_11"/>
        <field name="value_ids" eval="[(6, 0, [ref('product_attribute_value_11')])]"/>
    </record>
    <record id="product_template_attribute_line_11" model="product.template.attribute.line" context="{'create_product_product': False}">
        <field name="product_tmpl_id" ref="product_template_5"/>
        <field name="attribute_id" ref="product_attribute_2"/>
        <field name="value_ids" eval="[(6, 0, [ref('product_attribute_value_1')])]"/>
    </record>
    <record id="product_template_attribute_line_12" model="product.template.attribute.line" context="{'create_product_product': False}">
        <field name="product_tmpl_id" ref="product_template_5"/>
        <field name="attribute_id" ref="product_attribute_3"/>
        <field name="value_ids" eval="[(6, 0, [ref('product_attribute_value_12')])]"/>
    </record>
    <record id="product_template_attribute_line_13" model="product.template.attribute.line" context="{'create_product_product': False}">
        <field name="product_tmpl_id" ref="product_template_5"/>
        <field name="attribute_id" ref="product_attribute_4"/>
        <field name="value_ids" eval="[(6, 0, [ref('product_attribute_value_18')])]"/>
    </record>
    <record id="product_template_attribute_line_14" model="product.template.attribute.line" context="{'create_product_product': False}">
        <field name="product_tmpl_id" ref="product_template_5"/>
        <field name="attribute_id" ref="product_attribute_5"/>
        <field name="value_ids" eval="[(6, 0, [ref('product_attribute_value_4'), ref('product_attribute_value_14')])]"/>
    </record>
    <record id="product_template_attribute_line_15" model="product.template.attribute.line" context="{'create_product_product': False}">
        <field name="product_tmpl_id" ref="product_template_5"/>
        <field name="attribute_id" ref="product_attribute_6"/>
        <field name="value_ids" eval="[(6, 0, [ref('product_attribute_value_5'), ref('product_attribute_value_15')])]"/>
    </record>
    <record id="product_template_attribute_line_16" model="product.template.attribute.line" context="{'create_product_product': False}">
        <field name="product_tmpl_id" ref="product_template_5"/>
        <field name="attribute_id" ref="product_attribute_7"/>
        <field name="value_ids" eval="[(6, 0, [ref('product_attribute_value_16')])]"/>
    </record>
    <record id="product_template_attribute_line_17" model="product.template.attribute.line" context="{'create_product_product': False}">
        <field name="product_tmpl_id" ref="product_template_5"/>
        <field name="attribute_id" ref="product_attribute_8"/>
        <field name="value_ids" eval="[(6, 0, [ref('product_attribute_value_7')])]"/>
    </record>
    <record id="product_template_attribute_line_18" model="product.template.attribute.line" context="{'create_product_product': False}">
        <field name="product_tmpl_id" ref="product_template_5"/>
        <field name="attribute_id" ref="product_attribute_9"/>
        <field name="value_ids" eval="[(6, 0, [ref('product_attribute_value_8')])]"/>
    </record>
    <record id="product_template_attribute_line_19" model="product.template.attribute.line" context="{'create_product_product': False}">
        <field name="product_tmpl_id" ref="product_template_5"/>
        <field name="attribute_id" ref="product_attribute_10"/>
        <field name="value_ids" eval="[(6, 0, [ref('product_attribute_value_10')])]"/>
    </record>
    <record id="product_template_attribute_line_2" model="product.template.attribute.line" context="{'create_product_product': False}">
        <field name="product_tmpl_id" ref="product_template_4"/>
        <field name="attribute_id" ref="product_attribute_3"/>
        <field name="value_ids" eval="[(6, 0, [ref('product_attribute_value_2')])]"/>
    </record>
    <record id="product_template_attribute_line_20" model="product.template.attribute.line" context="{'create_product_product': False}">
        <field name="product_tmpl_id" ref="product_template_5"/>
        <field name="attribute_id" ref="product_attribute_11"/>
        <field name="value_ids" eval="[(6, 0, [ref('product_attribute_value_11')])]"/>
    </record>
    <record id="product_template_attribute_line_21" model="product.template.attribute.line" context="{'create_product_product': False}">
        <field name="product_tmpl_id" ref="product_template_6"/>
        <field name="attribute_id" ref="product_attribute_7"/>
        <field name="value_ids" eval="[(6, 0, [ref('product_attribute_value_6'), ref('product_attribute_value_17'), ref('product_attribute_value_16')])]"/>
    </record>
    <record id="product_template_attribute_line_22" model="product.template.attribute.line" context="{'create_product_product': False}">
        <field name="product_tmpl_id" ref="product_template_7"/>
        <field name="attribute_id" ref="product_attribute_2"/>
        <field name="value_ids" eval="[(6, 0, [ref('product_attribute_value_1')])]"/>
    </record>
    <record id="product_template_attribute_line_23" model="product.template.attribute.line" context="{'create_product_product': False}">
        <field name="product_tmpl_id" ref="product_template_7"/>
        <field name="attribute_id" ref="product_attribute_3"/>
        <field name="value_ids" eval="[(6, 0, [ref('product_attribute_value_12')])]"/>
    </record>
    <record id="product_template_attribute_line_24" model="product.template.attribute.line" context="{'create_product_product': False}">
        <field name="product_tmpl_id" ref="product_template_7"/>
        <field name="attribute_id" ref="product_attribute_4"/>
        <field name="value_ids" eval="[(6, 0, [ref('product_attribute_value_18')])]"/>
    </record>
    <record id="product_template_attribute_line_25" model="product.template.attribute.line" context="{'create_product_product': False}">
        <field name="product_tmpl_id" ref="product_template_7"/>
        <field name="attribute_id" ref="product_attribute_5"/>
        <field name="value_ids" eval="[(6, 0, [ref('product_attribute_value_4'), ref('product_attribute_value_14')])]"/>
    </record>
    <record id="product_template_attribute_line_26" model="product.template.attribute.line" context="{'create_product_product': False}">
        <field name="product_tmpl_id" ref="product_template_7"/>
        <field name="attribute_id" ref="product_attribute_6"/>
        <field name="value_ids" eval="[(6, 0, [ref('product_attribute_value_5'), ref('product_attribute_value_15')])]"/>
    </record>
    <record id="product_template_attribute_line_27" model="product.template.attribute.line" context="{'create_product_product': False}">
        <field name="product_tmpl_id" ref="product_template_7"/>
        <field name="attribute_id" ref="product_attribute_7"/>
        <field name="value_ids" eval="[(6, 0, [ref('product_attribute_value_16')])]"/>
    </record>
    <record id="product_template_attribute_line_28" model="product.template.attribute.line" context="{'create_product_product': False}">
        <field name="product_tmpl_id" ref="product_template_7"/>
        <field name="attribute_id" ref="product_attribute_8"/>
        <field name="value_ids" eval="[(6, 0, [ref('product_attribute_value_7'), ref('product_attribute_value_19')])]"/>
    </record>
    <record id="product_template_attribute_line_29" model="product.template.attribute.line" context="{'create_product_product': False}">
        <field name="product_tmpl_id" ref="product_template_7"/>
        <field name="attribute_id" ref="product_attribute_9"/>
        <field name="value_ids" eval="[(6, 0, [ref('product_attribute_value_8')])]"/>
    </record>
    <record id="product_template_attribute_line_3" model="product.template.attribute.line" context="{'create_product_product': False}">
        <field name="product_tmpl_id" ref="product_template_4"/>
        <field name="attribute_id" ref="product_attribute_4"/>
        <field name="value_ids" eval="[(6, 0, [ref('product_attribute_value_3')])]"/>
    </record>
    <record id="product_template_attribute_line_30" model="product.template.attribute.line" context="{'create_product_product': False}">
        <field name="product_tmpl_id" ref="product_template_7"/>
        <field name="attribute_id" ref="product_attribute_10"/>
        <field name="value_ids" eval="[(6, 0, [ref('product_attribute_value_10')])]"/>
    </record>
    <record id="product_template_attribute_line_31" model="product.template.attribute.line" context="{'create_product_product': False}">
        <field name="product_tmpl_id" ref="product_template_7"/>
        <field name="attribute_id" ref="product_attribute_11"/>
        <field name="value_ids" eval="[(6, 0, [ref('product_attribute_value_11')])]"/>
    </record>
    <record id="product_template_attribute_line_32" model="product.template.attribute.line" context="{'create_product_product': False}">
        <field name="product_tmpl_id" ref="product_template_9"/>
        <field name="attribute_id" ref="website_sale.product_attribute_brand"/>
        <field name="value_ids" eval="[(6, 0, [ref('product_attribute_value_20'), ref('product_attribute_value_21')])]"/>
    </record>
    <record id="product_template_attribute_line_4" model="product.template.attribute.line" context="{'create_product_product': False}">
        <field name="product_tmpl_id" ref="product_template_4"/>
        <field name="attribute_id" ref="product_attribute_5"/>
        <field name="value_ids" eval="[(6, 0, [ref('product_attribute_value_4'), ref('product_attribute_value_14')])]"/>
    </record>
    <record id="product_template_attribute_line_5" model="product.template.attribute.line" context="{'create_product_product': False}">
        <field name="product_tmpl_id" ref="product_template_4"/>
        <field name="attribute_id" ref="product_attribute_6"/>
        <field name="value_ids" eval="[(6, 0, [ref('product_attribute_value_5'), ref('product_attribute_value_15')])]"/>
    </record>
    <record id="product_template_attribute_line_6" model="product.template.attribute.line" context="{'create_product_product': False}">
        <field name="product_tmpl_id" ref="product_template_4"/>
        <field name="attribute_id" ref="product_attribute_7"/>
        <field name="value_ids" eval="[(6, 0, [ref('product_attribute_value_6')])]"/>
    </record>
    <record id="product_template_attribute_line_7" model="product.template.attribute.line" context="{'create_product_product': False}">
        <field name="product_tmpl_id" ref="product_template_4"/>
        <field name="attribute_id" ref="product_attribute_8"/>
        <field name="value_ids" eval="[(6, 0, [ref('product_attribute_value_7'), ref('product_attribute_value_19')])]"/>
    </record>
    <record id="product_template_attribute_line_8" model="product.template.attribute.line" context="{'create_product_product': False}">
        <field name="product_tmpl_id" ref="product_template_4"/>
        <field name="attribute_id" ref="product_attribute_9"/>
        <field name="value_ids" eval="[(6, 0, [ref('product_attribute_value_8')])]"/>
    </record>
    <record id="product_template_attribute_line_9" model="product.template.attribute.line" context="{'create_product_product': False}">
        <field name="product_tmpl_id" ref="product_template_4"/>
        <field name="attribute_id" ref="product_attribute_10"/>
        <field name="value_ids" eval="[(6, 0, [ref('product_attribute_value_10')])]"/>
    </record>
</odoo>
