<?xml version='1.0' encoding='UTF-8'?>
<odoo noupdate="1">
    <record id="project_task_type_14" model="project.task.type">
        <field name="name">New</field>
    </record>
    <record id="project_task_type_15" model="project.task.type">
        <field name="name">Planned</field>
    </record>
    <record id="project_task_type_16" model="project.task.type">
        <field name="name">In Progress</field>
    </record>
    <record id="project_task_type_17" model="project.task.type">
        <field name="name">Done</field>
    </record>
</odoo>
