<?xml version='1.0' encoding='UTF-8'?>
<odoo noupdate="1">
    <record id="project_project_3" model="project.project" context="{'mail_auto_subscribe_no_notify': True}">
        <field name="name">Installation Service</field>
        <field name="type_ids" eval="[(6, 0, [ref('project_task_type_14'), ref('project_task_type_15'), ref('project_task_type_16'), ref('project_task_type_17')])]"/>
        <field name="allow_billable" eval="True"/>
        <field name="company_id" ref="base.main_company"/>
        <field name="user_id" ref="base.user_admin"/>
        <field name="is_fsm" eval="True"/>
    </record>
</odoo>
