<?xml version='1.0' encoding='UTF-8'?>
<odoo noupdate="1">
    <record id="res_config_settings_it_hardware" model="res.config.settings">
        <field name="group_product_variant" eval="True"/>
        <field name="group_discount_per_so_line" eval="True"/>
        <field name="group_sale_order_template" eval="True"/>
        <field name="portal_confirmation_sign" eval="True"/>
        <field name="group_stock_production_lot" eval="True"/>
        <field name="group_lot_on_delivery_slip" eval="True"/>
        <field name="group_lot_on_invoice" eval="True"/>
        <field name="group_stock_multi_locations" eval="True"/>
    </record>
    <function model="res.config.settings" name="execute">
        <value eval="[ref('res_config_settings_it_hardware')]"/>
    </function>
</odoo>
