<?xml version='1.0' encoding='UTF-8'?>
<odoo noupdate="1">
    <record id="sale_order_template_line_1" model="sale.order.template.line">
        <field name="name">CCTV Camera</field>
        <field name="product_id" ref="product_product_14"/>
        <field name="sale_order_template_id" ref="sale_order_template_2"/>
    </record>
    <record id="sale_order_template_line_2" model="sale.order.template.line">
        <field name="name">Installation Service</field>
        <field name="product_id" ref="product_product_13"/>
        <field name="sale_order_template_id" ref="sale_order_template_2"/>
    </record>
</odoo>
